Date,Devices,Neighbors,Clock Source,Link Status,DPDU Tx,DPDU Tx Fail,DPDU Rx,DPDU Rx Fail,RSSI,Quality
2022/05/02 14:46:06,LD-IS-01,TT-IS-05,Primary Clock Source,available,3499,107,318,0,-56,Good Signal(187)
2022/05/02 14:46:06,TT-IS-05,BB-IS-01,Primary Clock Source,available,7221,306,3824,0,-58,Good Signal(176)
2022/05/02 14:46:22,LD-IS-01,TT-IS-05,Primary Clock Source,available,3499,107,318,0,-56,Good Signal(187)
2022/05/02 14:46:22,TT-IS-05,BB-IS-01,Primary Clock Source,available,7221,306,3824,0,-58,Good Signal(176)
2022/05/02 14:46:28,LD-IS-01,TT-IS-05,Primary Clock Source,available,3499,107,318,0,-56,Good Signal(187)
2022/05/02 14:46:28,TT-IS-05,BB-IS-01,Primary Clock Source,available,7221,306,3824,0,-58,Good Signal(176)
2022/05/02 14:46:38,LD-IS-01,TT-IS-05,Primary Clock Source,available,3499,107,318,0,-56,Good Signal(187)
2022/05/02 14:46:38,TT-IS-05,BB-IS-01,Primary Clock Source,available,7221,306,3824,0,-58,Good Signal(176)
2022/05/02 14:46:46,LD-IS-01,TT-IS-05,Primary Clock Source,available,3565,108,325,0,-56,Good Signal(188)
2022/05/02 14:46:46,TT-IS-05,BB-IS-01,Primary Clock Source,available,7354,310,3896,0,-59,Good Signal(173)
2022/05/02 14:47:00,LD-IS-01,TT-IS-05,Primary Clock Source,available,3565,108,325,0,-56,Good Signal(188)
2022/05/02 14:47:00,TT-IS-05,BB-IS-01,Primary Clock Source,available,7354,310,3896,0,-59,Good Signal(173)
2022/05/02 14:47:10,LD-IS-01,TT-IS-05,Primary Clock Source,available,3565,108,325,0,-56,Good Signal(188)
2022/05/02 14:47:10,TT-IS-05,BB-IS-01,Primary Clock Source,available,7354,310,3896,0,-59,Good Signal(173)
2022/05/02 14:47:16,LD-IS-01,TT-IS-05,Primary Clock Source,available,3565,108,325,0,-56,Good Signal(188)
2022/05/02 14:47:16,TT-IS-05,BB-IS-01,Primary Clock Source,available,7354,310,3896,0,-59,Good Signal(173)
2022/05/02 14:47:26,LD-IS-01,TT-IS-05,Primary Clock Source,available,3565,108,325,0,-56,Good Signal(188)
2022/05/02 14:47:26,TT-IS-05,BB-IS-01,Primary Clock Source,available,7354,310,3896,0,-59,Good Signal(173)
2022/05/02 14:47:42,LD-IS-01,TT-IS-05,Primary Clock Source,available,3565,108,325,0,-56,Good Signal(188)
2022/05/02 14:47:42,TT-IS-05,BB-IS-01,Primary Clock Source,available,7354,310,3896,0,-59,Good Signal(173)
2022/05/02 14:47:48,LD-IS-01,TT-IS-05,Primary Clock Source,available,3631,109,330,0,-56,Good Signal(190)
2022/05/02 14:47:48,TT-IS-05,BB-IS-01,Primary Clock Source,available,7488,317,3969,0,-58,Good Signal(177)
2022/05/02 14:47:58,LD-IS-01,TT-IS-05,Primary Clock Source,available,3631,109,330,0,-56,Good Signal(190)
2022/05/02 14:47:58,TT-IS-05,BB-IS-01,Primary Clock Source,available,7488,317,3969,0,-58,Good Signal(177)
2022/05/02 14:48:06,LD-IS-01,TT-IS-05,Primary Clock Source,available,3631,109,330,0,-56,Good Signal(190)
2022/05/02 14:48:06,TT-IS-05,BB-IS-01,Primary Clock Source,available,7488,317,3969,0,-58,Good Signal(177)
2022/05/02 14:48:20,LD-IS-01,TT-IS-05,Primary Clock Source,available,3631,109,330,0,-56,Good Signal(190)
2022/05/02 14:48:20,TT-IS-05,BB-IS-01,Primary Clock Source,available,7488,317,3969,0,-58,Good Signal(177)
2022/05/02 14:48:30,LD-IS-01,TT-IS-05,Primary Clock Source,available,3631,109,330,0,-56,Good Signal(190)
2022/05/02 14:48:30,TT-IS-05,BB-IS-01,Primary Clock Source,available,7488,317,3969,0,-58,Good Signal(177)
2022/05/02 14:48:36,LD-IS-01,TT-IS-05,Primary Clock Source,available,3631,109,330,0,-56,Good Signal(190)
2022/05/02 14:48:36,TT-IS-05,BB-IS-01,Primary Clock Source,available,7488,317,3969,0,-58,Good Signal(177)
2022/05/02 14:48:46,LD-IS-01,TT-IS-05,Primary Clock Source,available,3698,110,336,0,-56,Good Signal(191)
2022/05/02 14:48:46,TT-IS-05,BB-IS-01,Primary Clock Source,available,7624,322,4044,0,-59,Good Signal(174)
2022/05/02 14:49:02,LD-IS-01,TT-IS-05,Primary Clock Source,available,3698,110,336,0,-56,Good Signal(191)
2022/05/02 14:49:02,TT-IS-05,BB-IS-01,Primary Clock Source,available,7624,322,4044,0,-59,Good Signal(174)
2022/05/02 14:49:08,LD-IS-01,TT-IS-05,Primary Clock Source,available,3698,110,336,0,-56,Good Signal(191)
2022/05/02 14:49:08,TT-IS-05,BB-IS-01,Primary Clock Source,available,7624,322,4044,0,-59,Good Signal(174)
2022/05/02 14:49:18,LD-IS-01,TT-IS-05,Primary Clock Source,available,3698,110,336,0,-56,Good Signal(191)
2022/05/02 14:49:18,TT-IS-05,BB-IS-01,Primary Clock Source,available,7624,322,4044,0,-59,Good Signal(174)
2022/05/02 14:49:26,LD-IS-01,TT-IS-05,Primary Clock Source,available,3698,110,336,0,-56,Good Signal(191)
2022/05/02 14:49:26,TT-IS-05,BB-IS-01,Primary Clock Source,available,7624,322,4044,0,-59,Good Signal(174)
2022/05/02 14:49:40,LD-IS-01,TT-IS-05,Primary Clock Source,available,3698,110,336,0,-56,Good Signal(191)
2022/05/02 14:49:40,TT-IS-05,BB-IS-01,Primary Clock Source,available,7624,322,4044,0,-59,Good Signal(174)
2022/05/02 14:49:58,LD-IS-01,TT-IS-05,Primary Clock Source,available,3764,111,342,0,-56,Good Signal(191)
2022/05/02 14:49:58,TT-IS-05,BB-IS-01,Primary Clock Source,available,7759,327,4118,0,-59,Good Signal(176)
2022/05/02 14:50:06,LD-IS-01,TT-IS-05,Primary Clock Source,available,3764,111,342,0,-56,Good Signal(191)
2022/05/02 14:50:06,TT-IS-05,BB-IS-01,Primary Clock Source,available,7759,327,4118,0,-59,Good Signal(176)
2022/05/02 14:50:12,LD-IS-01,TT-IS-05,Primary Clock Source,available,3764,111,342,0,-56,Good Signal(191)
2022/05/02 14:50:12,TT-IS-05,BB-IS-01,Primary Clock Source,available,7759,327,4118,0,-59,Good Signal(176)
2022/05/02 14:50:22,LD-IS-01,TT-IS-05,Primary Clock Source,available,3764,111,342,0,-56,Good Signal(191)
2022/05/02 14:50:22,TT-IS-05,BB-IS-01,Primary Clock Source,available,7759,327,4118,0,-59,Good Signal(176)
2022/05/02 14:50:28,LD-IS-01,TT-IS-05,Primary Clock Source,available,3764,111,342,0,-56,Good Signal(191)
2022/05/02 14:50:28,TT-IS-05,BB-IS-01,Primary Clock Source,available,7759,327,4118,0,-59,Good Signal(176)
2022/05/02 14:50:38,LD-IS-01,TT-IS-05,Primary Clock Source,available,3764,111,342,0,-56,Good Signal(191)
2022/05/02 14:50:38,TT-IS-05,BB-IS-01,Primary Clock Source,available,7759,327,4118,0,-59,Good Signal(176)
2022/05/02 14:50:46,LD-IS-01,TT-IS-05,Primary Clock Source,available,3828,114,349,0,-56,Good Signal(190)
2022/05/02 14:50:46,TT-IS-05,BB-IS-01,Primary Clock Source,available,7892,330,4190,0,-59,Good Signal(175)
2022/05/02 14:51:00,LD-IS-01,TT-IS-05,Primary Clock Source,available,3828,114,349,0,-56,Good Signal(190)
2022/05/02 14:51:00,TT-IS-05,BB-IS-01,Primary Clock Source,available,7892,330,4190,0,-59,Good Signal(175)
2022/05/02 14:51:10,LD-IS-01,TT-IS-05,Primary Clock Source,available,3828,114,349,0,-56,Good Signal(190)
2022/05/02 14:51:10,TT-IS-05,BB-IS-01,Primary Clock Source,available,7892,330,4190,0,-59,Good Signal(175)
2022/05/02 14:51:16,LD-IS-01,TT-IS-05,Primary Clock Source,available,3828,114,349,0,-56,Good Signal(190)
2022/05/02 14:51:16,TT-IS-05,BB-IS-01,Primary Clock Source,available,7892,330,4190,0,-59,Good Signal(175)
2022/05/02 14:51:26,LD-IS-01,TT-IS-05,Primary Clock Source,available,3828,114,349,0,-56,Good Signal(190)
2022/05/02 14:51:26,TT-IS-05,BB-IS-01,Primary Clock Source,available,7892,330,4190,0,-59,Good Signal(175)
2022/05/02 14:51:42,LD-IS-01,TT-IS-05,Primary Clock Source,available,3828,114,349,0,-56,Good Signal(190)
2022/05/02 14:51:42,TT-IS-05,BB-IS-01,Primary Clock Source,available,7892,330,4190,0,-59,Good Signal(175)
2022/05/02 14:51:48,LD-IS-01,TT-IS-05,Primary Clock Source,available,3895,115,356,0,-55,Excellent Signal(192)
2022/05/02 14:51:48,TT-IS-05,BB-IS-01,Primary Clock Source,available,8028,340,4265,0,-59,Good Signal(177)
2022/05/02 14:51:58,LD-IS-01,TT-IS-05,Primary Clock Source,available,3895,115,356,0,-55,Excellent Signal(192)
2022/05/02 14:51:58,TT-IS-05,BB-IS-01,Primary Clock Source,available,8028,340,4265,0,-59,Good Signal(177)
2022/05/02 14:52:06,LD-IS-01,TT-IS-05,Primary Clock Source,available,3895,115,356,0,-55,Excellent Signal(192)
2022/05/02 14:52:06,TT-IS-05,BB-IS-01,Primary Clock Source,available,8028,340,4265,0,-59,Good Signal(177)
2022/05/02 14:52:20,LD-IS-01,TT-IS-05,Primary Clock Source,available,3895,115,356,0,-55,Excellent Signal(192)
2022/05/02 14:52:20,TT-IS-05,BB-IS-01,Primary Clock Source,available,8028,340,4265,0,-59,Good Signal(177)
2022/05/02 14:52:30,LD-IS-01,TT-IS-05,Primary Clock Source,available,3895,115,356,0,-55,Excellent Signal(192)
2022/05/02 14:52:30,TT-IS-05,BB-IS-01,Primary Clock Source,available,8028,340,4265,0,-59,Good Signal(177)
2022/05/02 14:52:36,LD-IS-01,TT-IS-05,Primary Clock Source,available,3895,115,356,0,-55,Excellent Signal(192)
2022/05/02 14:52:36,TT-IS-05,BB-IS-01,Primary Clock Source,available,8028,340,4265,0,-59,Good Signal(177)
2022/05/02 14:52:46,LD-IS-01,TT-IS-05,Primary Clock Source,available,3962,116,362,0,-55,Excellent Signal(192)
2022/05/02 14:52:46,TT-IS-05,BB-IS-01,Primary Clock Source,available,8162,345,4338,0,-58,Good Signal(178)
2022/05/02 14:53:02,LD-IS-01,TT-IS-05,Primary Clock Source,available,3962,116,362,0,-55,Excellent Signal(192)
2022/05/02 14:53:02,TT-IS-05,BB-IS-01,Primary Clock Source,available,8162,345,4338,0,-58,Good Signal(178)
2022/05/02 14:53:08,LD-IS-01,TT-IS-05,Primary Clock Source,available,3962,116,362,0,-55,Excellent Signal(192)
2022/05/02 14:53:08,TT-IS-05,BB-IS-01,Primary Clock Source,available,8162,345,4338,0,-58,Good Signal(178)
2022/05/02 14:53:18,LD-IS-01,TT-IS-05,Primary Clock Source,available,3962,116,362,0,-55,Excellent Signal(192)
2022/05/02 14:53:18,TT-IS-05,BB-IS-01,Primary Clock Source,available,8162,345,4338,0,-58,Good Signal(178)
2022/05/02 14:53:26,LD-IS-01,TT-IS-05,Primary Clock Source,available,3962,116,362,0,-55,Excellent Signal(192)
2022/05/02 14:53:26,TT-IS-05,BB-IS-01,Primary Clock Source,available,8162,345,4338,0,-58,Good Signal(178)
2022/05/02 14:53:40,LD-IS-01,TT-IS-05,Primary Clock Source,available,3962,116,362,0,-55,Excellent Signal(192)
2022/05/02 14:53:40,TT-IS-05,BB-IS-01,Primary Clock Source,available,8162,345,4338,0,-58,Good Signal(178)
2022/05/02 14:53:50,LD-IS-01,TT-IS-05,Primary Clock Source,available,4029,116,368,0,-55,Excellent Signal(192)
2022/05/02 14:53:50,TT-IS-05,BB-IS-01,Primary Clock Source,available,8296,347,4411,0,-59,Good Signal(176)
2022/05/02 14:53:56,LD-IS-01,TT-IS-05,Primary Clock Source,available,4029,116,368,0,-55,Excellent Signal(192)
2022/05/02 14:53:56,TT-IS-05,BB-IS-01,Primary Clock Source,available,8296,347,4411,0,-59,Good Signal(176)
2022/05/02 14:54:06,LD-IS-01,TT-IS-05,Primary Clock Source,available,4029,116,368,0,-55,Excellent Signal(192)
2022/05/02 14:54:06,TT-IS-05,BB-IS-01,Primary Clock Source,available,8296,347,4411,0,-59,Good Signal(176)
2022/05/02 14:54:22,LD-IS-01,TT-IS-05,Primary Clock Source,available,4029,116,368,0,-55,Excellent Signal(192)
2022/05/02 14:54:22,TT-IS-05,BB-IS-01,Primary Clock Source,available,8296,347,4411,0,-59,Good Signal(176)
2022/05/02 14:54:28,LD-IS-01,TT-IS-05,Primary Clock Source,available,4029,116,368,0,-55,Excellent Signal(192)
2022/05/02 14:54:28,TT-IS-05,BB-IS-01,Primary Clock Source,available,8296,347,4411,0,-59,Good Signal(176)
2022/05/02 14:54:38,LD-IS-01,TT-IS-05,Primary Clock Source,available,4029,116,368,0,-55,Excellent Signal(192)
2022/05/02 14:54:38,TT-IS-05,BB-IS-01,Primary Clock Source,available,8296,347,4411,0,-59,Good Signal(176)
2022/05/02 14:54:54,LD-IS-01,TT-IS-05,Primary Clock Source,available,4094,118,375,0,-55,Excellent Signal(193)
2022/05/02 14:54:54,TT-IS-05,BB-IS-01,Primary Clock Source,available,8430,358,4484,0,-58,Good Signal(179)
2022/05/02 14:55:00,LD-IS-01,TT-IS-05,Primary Clock Source,available,4094,118,375,0,-55,Excellent Signal(193)
2022/05/02 14:55:00,TT-IS-05,BB-IS-01,Primary Clock Source,available,8430,358,4484,0,-58,Good Signal(179)
2022/05/02 14:55:10,LD-IS-01,TT-IS-05,Primary Clock Source,available,4094,118,375,0,-55,Excellent Signal(193)
2022/05/02 14:55:10,TT-IS-05,BB-IS-01,Primary Clock Source,available,8430,358,4484,0,-58,Good Signal(179)
2022/05/02 14:55:16,LD-IS-01,TT-IS-05,Primary Clock Source,available,4094,118,375,0,-55,Excellent Signal(193)
2022/05/02 14:55:16,TT-IS-05,BB-IS-01,Primary Clock Source,available,8430,358,4484,0,-58,Good Signal(179)
2022/05/02 14:55:26,LD-IS-01,TT-IS-05,Primary Clock Source,available,4094,118,375,0,-55,Excellent Signal(193)
2022/05/02 14:55:26,TT-IS-05,BB-IS-01,Primary Clock Source,available,8430,358,4484,0,-58,Good Signal(179)
2022/05/02 14:55:42,LD-IS-01,TT-IS-05,Primary Clock Source,available,4094,118,375,0,-55,Excellent Signal(193)
2022/05/02 14:55:42,TT-IS-05,BB-IS-01,Primary Clock Source,available,8430,358,4484,0,-58,Good Signal(179)
2022/05/02 14:55:48,LD-IS-01,TT-IS-05,Primary Clock Source,available,4160,119,380,0,-55,Excellent Signal(192)
2022/05/02 14:55:48,TT-IS-05,BB-IS-01,Primary Clock Source,available,8563,359,4557,0,-59,Good Signal(177)
2022/05/02 14:55:58,LD-IS-01,TT-IS-05,Primary Clock Source,available,4160,119,380,0,-55,Excellent Signal(192)
2022/05/02 14:55:58,TT-IS-05,BB-IS-01,Primary Clock Source,available,8563,359,4557,0,-59,Good Signal(177)
2022/05/02 14:56:06,LD-IS-01,TT-IS-05,Primary Clock Source,available,4160,119,380,0,-55,Excellent Signal(192)
2022/05/02 14:56:06,TT-IS-05,BB-IS-01,Primary Clock Source,available,8563,359,4557,0,-59,Good Signal(177)
2022/05/02 14:56:20,LD-IS-01,TT-IS-05,Primary Clock Source,available,4160,119,380,0,-55,Excellent Signal(192)
2022/05/02 14:56:20,TT-IS-05,BB-IS-01,Primary Clock Source,available,8563,359,4557,0,-59,Good Signal(177)
2022/05/02 14:56:30,LD-IS-01,TT-IS-05,Primary Clock Source,available,4160,119,380,0,-55,Excellent Signal(192)
2022/05/02 14:56:30,TT-IS-05,BB-IS-01,Primary Clock Source,available,8563,359,4557,0,-59,Good Signal(177)
2022/05/02 14:56:36,LD-IS-01,TT-IS-05,Primary Clock Source,available,4160,119,380,0,-55,Excellent Signal(192)
2022/05/02 14:56:36,TT-IS-05,BB-IS-01,Primary Clock Source,available,8563,359,4557,0,-59,Good Signal(177)
2022/05/02 14:56:46,LD-IS-01,TT-IS-05,Primary Clock Source,available,4227,120,387,0,-54,Excellent Signal(194)
2022/05/02 14:56:46,TT-IS-05,BB-IS-01,Primary Clock Source,available,8697,361,4630,0,-58,Good Signal(181)
2022/05/02 14:57:02,LD-IS-01,TT-IS-05,Primary Clock Source,available,4227,120,387,0,-54,Excellent Signal(194)
2022/05/02 14:57:02,TT-IS-05,BB-IS-01,Primary Clock Source,available,8697,361,4630,0,-58,Good Signal(181)
2022/05/02 14:57:08,LD-IS-01,TT-IS-05,Primary Clock Source,available,4227,120,387,0,-54,Excellent Signal(194)
2022/05/02 14:57:08,TT-IS-05,BB-IS-01,Primary Clock Source,available,8697,361,4630,0,-58,Good Signal(181)
2022/05/02 14:57:18,LD-IS-01,TT-IS-05,Primary Clock Source,available,4227,120,387,0,-54,Excellent Signal(194)
2022/05/02 14:57:18,TT-IS-05,BB-IS-01,Primary Clock Source,available,8697,361,4630,0,-58,Good Signal(181)
2022/05/02 14:57:26,LD-IS-01,TT-IS-05,Primary Clock Source,available,4227,120,387,0,-54,Excellent Signal(194)
2022/05/02 14:57:26,TT-IS-05,BB-IS-01,Primary Clock Source,available,8697,361,4630,0,-58,Good Signal(181)
2022/05/02 14:57:40,LD-IS-01,TT-IS-05,Primary Clock Source,available,4227,120,387,0,-54,Excellent Signal(194)
2022/05/02 14:57:40,TT-IS-05,BB-IS-01,Primary Clock Source,available,8697,361,4630,0,-58,Good Signal(181)
2022/05/02 14:57:50,LD-IS-01,TT-IS-05,Primary Clock Source,available,4290,126,393,0,-55,Excellent Signal(192)
2022/05/02 14:57:50,TT-IS-05,BB-IS-01,Primary Clock Source,available,8831,367,4703,0,-59,Good Signal(176)
2022/05/02 14:57:56,LD-IS-01,TT-IS-05,Primary Clock Source,available,4290,126,393,0,-55,Excellent Signal(192)
2022/05/02 14:57:56,TT-IS-05,BB-IS-01,Primary Clock Source,available,8831,367,4703,0,-59,Good Signal(176)
2022/05/02 14:58:13,LD-IS-01,TT-IS-05,Primary Clock Source,available,4290,126,393,0,-55,Excellent Signal(192)
2022/05/02 14:58:13,TT-IS-05,BB-IS-01,Primary Clock Source,available,8831,367,4703,0,-59,Good Signal(176)
2022/05/02 14:58:22,LD-IS-01,TT-IS-05,Primary Clock Source,available,4290,126,393,0,-55,Excellent Signal(192)
2022/05/02 14:58:22,TT-IS-05,BB-IS-01,Primary Clock Source,available,8831,367,4703,0,-59,Good Signal(176)
2022/05/02 14:58:28,LD-IS-01,TT-IS-05,Primary Clock Source,available,4290,126,393,0,-55,Excellent Signal(192)
2022/05/02 14:58:28,TT-IS-05,BB-IS-01,Primary Clock Source,available,8831,367,4703,0,-59,Good Signal(176)
2022/05/02 14:58:38,LD-IS-01,TT-IS-05,Primary Clock Source,available,4290,126,393,0,-55,Excellent Signal(192)
2022/05/02 14:58:38,TT-IS-05,BB-IS-01,Primary Clock Source,available,8831,367,4703,0,-59,Good Signal(176)
2022/05/02 14:58:46,LD-IS-01,TT-IS-05,Primary Clock Source,available,4357,126,400,0,-55,Excellent Signal(193)
2022/05/02 14:58:46,TT-IS-05,BB-IS-01,Primary Clock Source,available,8965,378,4776,0,-59,Good Signal(177)
2022/05/02 14:59:00,LD-IS-01,TT-IS-05,Primary Clock Source,available,4357,126,400,0,-55,Excellent Signal(193)
2022/05/02 14:59:00,TT-IS-05,BB-IS-01,Primary Clock Source,available,8965,378,4776,0,-59,Good Signal(177)
2022/05/02 14:59:10,LD-IS-01,TT-IS-05,Primary Clock Source,available,4357,126,400,0,-55,Excellent Signal(193)
2022/05/02 14:59:10,TT-IS-05,BB-IS-01,Primary Clock Source,available,8965,378,4776,0,-59,Good Signal(177)
2022/05/02 14:59:16,LD-IS-01,TT-IS-05,Primary Clock Source,available,4357,126,400,0,-55,Excellent Signal(193)
2022/05/02 14:59:16,TT-IS-05,BB-IS-01,Primary Clock Source,available,8965,378,4776,0,-59,Good Signal(177)
2022/05/02 14:59:26,LD-IS-01,TT-IS-05,Primary Clock Source,available,4357,126,400,0,-55,Excellent Signal(193)
2022/05/02 14:59:26,TT-IS-05,BB-IS-01,Primary Clock Source,available,8965,378,4776,0,-59,Good Signal(177)
2022/05/02 14:59:42,LD-IS-01,TT-IS-05,Primary Clock Source,available,4357,126,400,0,-55,Excellent Signal(193)
2022/05/02 14:59:42,TT-IS-05,BB-IS-01,Primary Clock Source,available,8965,378,4776,0,-59,Good Signal(177)
2022/05/02 14:59:48,LD-IS-01,TT-IS-05,Primary Clock Source,available,4423,127,405,0,-56,Excellent Signal(192)
2022/05/02 14:59:48,TT-IS-05,BB-IS-01,Primary Clock Source,available,9099,383,4849,0,-60,Good Signal(173)
2022/05/02 14:59:58,LD-IS-01,TT-IS-05,Primary Clock Source,available,4423,127,405,0,-56,Excellent Signal(192)
2022/05/02 14:59:58,TT-IS-05,BB-IS-01,Primary Clock Source,available,9099,383,4849,0,-60,Good Signal(173)
2022/05/02 15:00:06,LD-IS-01,TT-IS-05,Primary Clock Source,available,4423,127,405,0,-56,Excellent Signal(192)
2022/05/02 15:00:06,TT-IS-05,BB-IS-01,Primary Clock Source,available,9099,383,4849,0,-60,Good Signal(173)
2022/05/02 15:00:20,LD-IS-01,TT-IS-05,Primary Clock Source,available,4423,127,405,0,-56,Excellent Signal(192)
2022/05/02 15:00:20,TT-IS-05,BB-IS-01,Primary Clock Source,available,9099,383,4849,0,-60,Good Signal(173)
2022/05/02 15:00:30,LD-IS-01,TT-IS-05,Primary Clock Source,available,4423,127,405,0,-56,Excellent Signal(192)
2022/05/02 15:00:30,TT-IS-05,BB-IS-01,Primary Clock Source,available,9099,383,4849,0,-60,Good Signal(173)
2022/05/02 15:00:36,LD-IS-01,TT-IS-05,Primary Clock Source,available,4423,127,405,0,-56,Excellent Signal(192)
2022/05/02 15:00:36,TT-IS-05,BB-IS-01,Primary Clock Source,available,9099,383,4849,0,-60,Good Signal(173)
2022/05/02 15:00:46,LD-IS-01,TT-IS-05,Primary Clock Source,available,4490,127,411,0,-55,Excellent Signal(194)
2022/05/02 15:00:46,TT-IS-05,BB-IS-01,Primary Clock Source,available,9233,394,4922,0,-59,Good Signal(177)
2022/05/02 15:01:03,LD-IS-01,TT-IS-05,Primary Clock Source,available,4490,127,411,0,-55,Excellent Signal(194)
2022/05/02 15:01:03,TT-IS-05,BB-IS-01,Primary Clock Source,available,9233,394,4922,0,-59,Good Signal(177)
2022/05/02 15:01:08,LD-IS-01,TT-IS-05,Primary Clock Source,available,4490,127,411,0,-55,Excellent Signal(194)
2022/05/02 15:01:08,TT-IS-05,BB-IS-01,Primary Clock Source,available,9233,394,4922,0,-59,Good Signal(177)
2022/05/02 15:01:18,LD-IS-01,TT-IS-05,Primary Clock Source,available,4490,127,411,0,-55,Excellent Signal(194)
2022/05/02 15:01:18,TT-IS-05,BB-IS-01,Primary Clock Source,available,9233,394,4922,0,-59,Good Signal(177)
2022/05/02 15:01:26,LD-IS-01,TT-IS-05,Primary Clock Source,available,4490,127,411,0,-55,Excellent Signal(194)
2022/05/02 15:01:26,TT-IS-05,BB-IS-01,Primary Clock Source,available,9233,394,4922,0,-59,Good Signal(177)
2022/05/02 15:01:40,LD-IS-01,TT-IS-05,Primary Clock Source,available,4490,127,411,0,-55,Excellent Signal(194)
2022/05/02 15:01:40,TT-IS-05,BB-IS-01,Primary Clock Source,available,9233,394,4922,0,-59,Good Signal(177)
2022/05/02 15:01:50,LD-IS-01,TT-IS-05,Primary Clock Source,available,4556,129,417,0,-55,Excellent Signal(193)
2022/05/02 15:01:50,TT-IS-05,BB-IS-01,Primary Clock Source,available,9368,401,4996,0,-58,Good Signal(178)
2022/05/02 15:01:56,LD-IS-01,TT-IS-05,Primary Clock Source,available,4556,129,417,0,-55,Excellent Signal(193)
2022/05/02 15:01:56,TT-IS-05,BB-IS-01,Primary Clock Source,available,9368,401,4996,0,-58,Good Signal(178)
2022/05/02 15:02:12,LD-IS-01,TT-IS-05,Primary Clock Source,available,4556,129,417,0,-55,Excellent Signal(193)
2022/05/02 15:02:12,TT-IS-05,BB-IS-01,Primary Clock Source,available,9368,401,4996,0,-58,Good Signal(178)
2022/05/02 15:02:28,LD-IS-01,TT-IS-05,Primary Clock Source,available,4556,129,417,0,-55,Excellent Signal(193)
2022/05/02 15:02:28,TT-IS-05,BB-IS-01,Primary Clock Source,available,9368,401,4996,0,-58,Good Signal(178)
2022/05/02 15:02:38,LD-IS-01,TT-IS-05,Primary Clock Source,available,4556,129,417,0,-55,Excellent Signal(193)
2022/05/02 15:02:38,TT-IS-05,BB-IS-01,Primary Clock Source,available,9368,401,4996,0,-58,Good Signal(178)
2022/05/02 15:02:44,LD-IS-01,TT-IS-05,Primary Clock Source,available,4618,137,424,0,-55,Excellent Signal(193)
2022/05/02 15:02:44,TT-IS-05,BB-IS-01,Primary Clock Source,available,9497,422,5064,0,-58,Good Signal(175)
2022/05/02 15:02:54,LD-IS-01,TT-IS-05,Primary Clock Source,available,4618,137,424,0,-55,Excellent Signal(193)
2022/05/02 15:02:54,TT-IS-05,BB-IS-01,Primary Clock Source,available,9497,422,5064,0,-58,Good Signal(175)
2022/05/02 15:03:00,LD-IS-01,TT-IS-05,Primary Clock Source,available,4618,137,424,0,-55,Excellent Signal(193)
2022/05/02 15:03:00,TT-IS-05,BB-IS-01,Primary Clock Source,available,9497,422,5064,0,-58,Good Signal(175)
2022/05/02 15:03:10,LD-IS-01,TT-IS-05,Primary Clock Source,available,4618,137,424,0,-55,Excellent Signal(193)
2022/05/02 15:03:10,TT-IS-05,BB-IS-01,Primary Clock Source,available,9497,422,5064,0,-58,Good Signal(175)
2022/05/02 15:03:16,LD-IS-01,TT-IS-05,Primary Clock Source,available,4618,137,424,0,-55,Excellent Signal(193)
2022/05/02 15:03:16,TT-IS-05,BB-IS-01,Primary Clock Source,available,9497,422,5064,0,-58,Good Signal(175)
2022/05/02 15:03:26,LD-IS-01,TT-IS-05,Primary Clock Source,available,4618,137,424,0,-55,Excellent Signal(193)
2022/05/02 15:03:26,TT-IS-05,BB-IS-01,Primary Clock Source,available,9497,422,5064,0,-58,Good Signal(175)
2022/05/02 15:03:42,LD-IS-01,TT-IS-05,Primary Clock Source,available,4618,137,424,0,-55,Excellent Signal(193)
2022/05/02 15:03:42,TT-IS-05,BB-IS-01,Primary Clock Source,available,9497,422,5064,0,-58,Good Signal(175)
2022/05/02 15:03:48,LD-IS-01,TT-IS-05,Primary Clock Source,available,4682,140,429,0,-55,Excellent Signal(193)
2022/05/02 15:03:48,TT-IS-05,BB-IS-01,Primary Clock Source,available,9629,452,5135,0,-59,Good Signal(173)
2022/05/02 15:03:58,LD-IS-01,TT-IS-05,Primary Clock Source,available,4682,140,429,0,-55,Excellent Signal(193)
2022/05/02 15:03:58,TT-IS-05,BB-IS-01,Primary Clock Source,available,9629,452,5135,0,-59,Good Signal(173)
2022/05/02 15:04:06,LD-IS-01,TT-IS-05,Primary Clock Source,available,4682,140,429,0,-55,Excellent Signal(193)
2022/05/02 15:04:06,TT-IS-05,BB-IS-01,Primary Clock Source,available,9629,452,5135,0,-59,Good Signal(173)
2022/05/02 15:04:20,LD-IS-01,TT-IS-05,Primary Clock Source,available,4682,140,429,0,-55,Excellent Signal(193)
2022/05/02 15:04:20,TT-IS-05,BB-IS-01,Primary Clock Source,available,9629,452,5135,0,-59,Good Signal(173)
2022/05/02 15:04:30,LD-IS-01,TT-IS-05,Primary Clock Source,available,4682,140,429,0,-55,Excellent Signal(193)
2022/05/02 15:04:30,TT-IS-05,BB-IS-01,Primary Clock Source,available,9629,452,5135,0,-59,Good Signal(173)
2022/05/02 15:04:36,LD-IS-01,TT-IS-05,Primary Clock Source,available,4682,140,429,0,-55,Excellent Signal(193)
2022/05/02 15:04:36,TT-IS-05,BB-IS-01,Primary Clock Source,available,9629,452,5135,0,-59,Good Signal(173)
2022/05/02 15:04:52,LD-IS-01,TT-IS-05,Primary Clock Source,available,4747,143,435,0,-55,Excellent Signal(195)
2022/05/02 15:04:52,TT-IS-05,BB-IS-01,Primary Clock Source,available,9764,454,5209,0,-59,Good Signal(170)
2022/05/02 15:05:02,LD-IS-01,TT-IS-05,Primary Clock Source,available,4747,143,435,0,-55,Excellent Signal(195)
2022/05/02 15:05:02,TT-IS-05,BB-IS-01,Primary Clock Source,available,9764,454,5209,0,-59,Good Signal(170)
2022/05/02 15:05:08,LD-IS-01,TT-IS-05,Primary Clock Source,available,4747,143,435,0,-55,Excellent Signal(195)
2022/05/02 15:05:08,TT-IS-05,BB-IS-01,Primary Clock Source,available,9764,454,5209,0,-59,Good Signal(170)
2022/05/02 15:05:18,LD-IS-01,TT-IS-05,Primary Clock Source,available,4747,143,435,0,-55,Excellent Signal(195)
2022/05/02 15:05:18,TT-IS-05,BB-IS-01,Primary Clock Source,available,9764,454,5209,0,-59,Good Signal(170)
2022/05/02 15:05:26,LD-IS-01,TT-IS-05,Primary Clock Source,available,4747,143,435,0,-55,Excellent Signal(195)
2022/05/02 15:05:26,TT-IS-05,BB-IS-01,Primary Clock Source,available,9764,454,5209,0,-59,Good Signal(170)
2022/05/02 15:05:40,LD-IS-01,TT-IS-05,Primary Clock Source,available,4747,143,435,0,-55,Excellent Signal(195)
2022/05/02 15:05:40,TT-IS-05,BB-IS-01,Primary Clock Source,available,9764,454,5209,0,-59,Good Signal(170)
2022/05/02 15:05:50,LD-IS-01,TT-IS-05,Primary Clock Source,available,4814,144,442,0,-55,Excellent Signal(194)
2022/05/02 15:05:50,TT-IS-05,BB-IS-01,Primary Clock Source,available,9899,461,5283,0,-59,Good Signal(174)
2022/05/02 15:05:56,LD-IS-01,TT-IS-05,Primary Clock Source,available,4814,144,442,0,-55,Excellent Signal(194)
2022/05/02 15:05:56,TT-IS-05,BB-IS-01,Primary Clock Source,available,9899,461,5283,0,-59,Good Signal(174)
2022/05/02 15:06:06,LD-IS-01,TT-IS-05,Primary Clock Source,available,4814,144,442,0,-55,Excellent Signal(194)
2022/05/02 15:06:06,TT-IS-05,BB-IS-01,Primary Clock Source,available,9899,461,5283,0,-59,Good Signal(174)
2022/05/02 15:06:22,LD-IS-01,TT-IS-05,Primary Clock Source,available,4814,144,442,0,-55,Excellent Signal(194)
2022/05/02 15:06:22,TT-IS-05,BB-IS-01,Primary Clock Source,available,9899,461,5283,0,-59,Good Signal(174)
2022/05/02 15:06:28,LD-IS-01,TT-IS-05,Primary Clock Source,available,4814,144,442,0,-55,Excellent Signal(194)
2022/05/02 15:06:28,TT-IS-05,BB-IS-01,Primary Clock Source,available,9899,461,5283,0,-59,Good Signal(174)
2022/05/02 15:06:38,LD-IS-01,TT-IS-05,Primary Clock Source,available,4814,144,442,0,-55,Excellent Signal(194)
2022/05/02 15:06:38,TT-IS-05,BB-IS-01,Primary Clock Source,available,9899,461,5283,0,-59,Good Signal(174)
2022/05/02 15:06:46,LD-IS-01,TT-IS-05,Primary Clock Source,available,4881,144,449,0,-55,Excellent Signal(195)
2022/05/02 15:06:46,TT-IS-05,BB-IS-01,Primary Clock Source,available,10033,464,5356,0,-59,Good Signal(174)
2022/05/02 15:07:00,LD-IS-01,TT-IS-05,Primary Clock Source,available,4881,144,449,0,-55,Excellent Signal(195)
2022/05/02 15:07:00,TT-IS-05,BB-IS-01,Primary Clock Source,available,10033,464,5356,0,-59,Good Signal(174)
2022/05/02 15:07:10,LD-IS-01,TT-IS-05,Primary Clock Source,available,4881,144,449,0,-55,Excellent Signal(195)
2022/05/02 15:07:10,TT-IS-05,BB-IS-01,Primary Clock Source,available,10033,464,5356,0,-59,Good Signal(174)
2022/05/02 15:07:16,LD-IS-01,TT-IS-05,Primary Clock Source,available,4881,144,449,0,-55,Excellent Signal(195)
2022/05/02 15:07:16,TT-IS-05,BB-IS-01,Primary Clock Source,available,10033,464,5356,0,-59,Good Signal(174)
2022/05/02 15:07:26,LD-IS-01,TT-IS-05,Primary Clock Source,available,4881,144,449,0,-55,Excellent Signal(195)
2022/05/02 15:07:26,TT-IS-05,BB-IS-01,Primary Clock Source,available,10033,464,5356,0,-59,Good Signal(174)
2022/05/02 15:07:42,LD-IS-01,TT-IS-05,Primary Clock Source,available,4881,144,449,0,-55,Excellent Signal(195)
2022/05/02 15:07:42,TT-IS-05,BB-IS-01,Primary Clock Source,available,10033,464,5356,0,-59,Good Signal(174)
2022/05/02 15:07:48,LD-IS-01,TT-IS-05,Primary Clock Source,available,4947,144,454,0,-54,Excellent Signal(195)
2022/05/02 15:07:48,TT-IS-05,BB-IS-01,Primary Clock Source,available,10166,467,5428,0,-59,Good Signal(178)
2022/05/02 15:07:58,LD-IS-01,TT-IS-05,Primary Clock Source,available,4947,144,454,0,-54,Excellent Signal(195)
2022/05/02 15:07:58,TT-IS-05,BB-IS-01,Primary Clock Source,available,10166,467,5428,0,-59,Good Signal(178)
2022/05/02 15:08:06,LD-IS-01,TT-IS-05,Primary Clock Source,available,4947,144,454,0,-54,Excellent Signal(195)
2022/05/02 15:08:06,TT-IS-05,BB-IS-01,Primary Clock Source,available,10166,467,5428,0,-59,Good Signal(178)
2022/05/02 15:08:20,LD-IS-01,TT-IS-05,Primary Clock Source,available,4947,144,454,0,-54,Excellent Signal(195)
2022/05/02 15:08:20,TT-IS-05,BB-IS-01,Primary Clock Source,available,10166,467,5428,0,-59,Good Signal(178)
2022/05/02 15:08:30,LD-IS-01,TT-IS-05,Primary Clock Source,available,4947,144,454,0,-54,Excellent Signal(195)
2022/05/02 15:08:30,TT-IS-05,BB-IS-01,Primary Clock Source,available,10166,467,5428,0,-59,Good Signal(178)
2022/05/02 15:08:36,LD-IS-01,TT-IS-05,Primary Clock Source,available,4947,144,454,0,-54,Excellent Signal(195)
2022/05/02 15:08:36,TT-IS-05,BB-IS-01,Primary Clock Source,available,10166,467,5428,0,-59,Good Signal(178)
2022/05/02 15:08:46,LD-IS-01,TT-IS-05,Primary Clock Source,available,5011,147,460,0,-54,Excellent Signal(196)
2022/05/02 15:08:46,TT-IS-05,BB-IS-01,Primary Clock Source,available,10299,472,5500,0,-59,Good Signal(176)
2022/05/02 15:09:02,LD-IS-01,TT-IS-05,Primary Clock Source,available,5011,147,460,0,-54,Excellent Signal(196)
2022/05/02 15:09:02,TT-IS-05,BB-IS-01,Primary Clock Source,available,10299,472,5500,0,-59,Good Signal(176)
2022/05/02 15:09:08,LD-IS-01,TT-IS-05,Primary Clock Source,available,5011,147,460,0,-54,Excellent Signal(196)
2022/05/02 15:09:08,TT-IS-05,BB-IS-01,Primary Clock Source,available,10299,472,5500,0,-59,Good Signal(176)
2022/05/02 15:09:18,LD-IS-01,TT-IS-05,Primary Clock Source,available,5011,147,460,0,-54,Excellent Signal(196)
2022/05/02 15:09:18,TT-IS-05,BB-IS-01,Primary Clock Source,available,10299,472,5500,0,-59,Good Signal(176)
2022/05/02 15:09:26,LD-IS-01,TT-IS-05,Primary Clock Source,available,5011,147,460,0,-54,Excellent Signal(196)
2022/05/02 15:09:26,TT-IS-05,BB-IS-01,Primary Clock Source,available,10299,472,5500,0,-59,Good Signal(176)
2022/05/02 15:09:40,LD-IS-01,TT-IS-05,Primary Clock Source,available,5011,147,460,0,-54,Excellent Signal(196)
2022/05/02 15:09:40,TT-IS-05,BB-IS-01,Primary Clock Source,available,10299,472,5500,0,-59,Good Signal(176)
2022/05/02 15:09:50,LD-IS-01,TT-IS-05,Primary Clock Source,available,5078,147,466,0,-54,Excellent Signal(197)
2022/05/02 15:09:50,TT-IS-05,BB-IS-01,Primary Clock Source,available,10433,479,5573,0,-58,Good Signal(178)
2022/05/02 15:09:56,LD-IS-01,TT-IS-05,Primary Clock Source,available,5078,147,466,0,-54,Excellent Signal(197)
2022/05/02 15:09:56,TT-IS-05,BB-IS-01,Primary Clock Source,available,10433,479,5573,0,-58,Good Signal(178)
2022/05/02 15:10:06,LD-IS-01,TT-IS-05,Primary Clock Source,available,5078,147,466,0,-54,Excellent Signal(197)
2022/05/02 15:10:06,TT-IS-05,BB-IS-01,Primary Clock Source,available,10433,479,5573,0,-58,Good Signal(178)
2022/05/02 15:10:22,LD-IS-01,TT-IS-05,Primary Clock Source,available,5078,147,466,0,-54,Excellent Signal(197)
2022/05/02 15:10:22,TT-IS-05,BB-IS-01,Primary Clock Source,available,10433,479,5573,0,-58,Good Signal(178)
2022/05/02 15:10:28,LD-IS-01,TT-IS-05,Primary Clock Source,available,5078,147,466,0,-54,Excellent Signal(197)
2022/05/02 15:10:28,TT-IS-05,BB-IS-01,Primary Clock Source,available,10433,479,5573,0,-58,Good Signal(178)
2022/05/02 15:10:38,LD-IS-01,TT-IS-05,Primary Clock Source,available,5078,147,466,0,-54,Excellent Signal(197)
2022/05/02 15:10:38,TT-IS-05,BB-IS-01,Primary Clock Source,available,10433,479,5573,0,-58,Good Signal(178)
2022/05/02 15:10:46,LD-IS-01,TT-IS-05,Primary Clock Source,available,5145,148,473,0,-55,Excellent Signal(195)
2022/05/02 15:10:46,TT-IS-05,BB-IS-01,Primary Clock Source,available,10568,480,5647,0,-59,Good Signal(175)
2022/05/02 15:11:00,LD-IS-01,TT-IS-05,Primary Clock Source,available,5145,148,473,0,-55,Excellent Signal(195)
2022/05/02 15:11:00,TT-IS-05,BB-IS-01,Primary Clock Source,available,10568,480,5647,0,-59,Good Signal(175)
2022/05/02 15:11:10,LD-IS-01,TT-IS-05,Primary Clock Source,available,5145,148,473,0,-55,Excellent Signal(195)
2022/05/02 15:11:10,TT-IS-05,BB-IS-01,Primary Clock Source,available,10568,480,5647,0,-59,Good Signal(175)
2022/05/02 15:11:16,LD-IS-01,TT-IS-05,Primary Clock Source,available,5145,148,473,0,-55,Excellent Signal(195)
2022/05/02 15:11:16,TT-IS-05,BB-IS-01,Primary Clock Source,available,10568,480,5647,0,-59,Good Signal(175)
2022/05/02 15:11:26,LD-IS-01,TT-IS-05,Primary Clock Source,available,5145,148,473,0,-55,Excellent Signal(195)
2022/05/02 15:11:26,TT-IS-05,BB-IS-01,Primary Clock Source,available,10568,480,5647,0,-59,Good Signal(175)
2022/05/02 15:11:42,LD-IS-01,TT-IS-05,Primary Clock Source,available,5145,148,473,0,-55,Excellent Signal(195)
2022/05/02 15:11:42,TT-IS-05,BB-IS-01,Primary Clock Source,available,10568,480,5647,0,-59,Good Signal(175)
2022/05/02 15:11:48,LD-IS-01,TT-IS-05,Primary Clock Source,available,5209,151,478,0,-56,Excellent Signal(194)
2022/05/02 15:11:48,TT-IS-05,BB-IS-01,Primary Clock Source,available,10701,481,5720,0,-59,Good Signal(177)
2022/05/02 15:11:58,LD-IS-01,TT-IS-05,Primary Clock Source,available,5209,151,478,0,-56,Excellent Signal(194)
2022/05/02 15:11:58,TT-IS-05,BB-IS-01,Primary Clock Source,available,10701,481,5720,0,-59,Good Signal(177)
2022/05/02 15:12:06,LD-IS-01,TT-IS-05,Primary Clock Source,available,5209,151,478,0,-56,Excellent Signal(194)
2022/05/02 15:12:06,TT-IS-05,BB-IS-01,Primary Clock Source,available,10701,481,5720,0,-59,Good Signal(177)
2022/05/02 15:12:20,LD-IS-01,TT-IS-05,Primary Clock Source,available,5209,151,478,0,-56,Excellent Signal(194)
2022/05/02 15:12:20,TT-IS-05,BB-IS-01,Primary Clock Source,available,10701,481,5720,0,-59,Good Signal(177)
2022/05/02 15:12:30,LD-IS-01,TT-IS-05,Primary Clock Source,available,5209,151,478,0,-56,Excellent Signal(194)
2022/05/02 15:12:30,TT-IS-05,BB-IS-01,Primary Clock Source,available,10701,481,5720,0,-59,Good Signal(177)
2022/05/02 15:12:36,LD-IS-01,TT-IS-05,Primary Clock Source,available,5209,151,478,0,-56,Excellent Signal(194)
2022/05/02 15:12:36,TT-IS-05,BB-IS-01,Primary Clock Source,available,10701,481,5720,0,-59,Good Signal(177)
2022/05/02 15:12:46,LD-IS-01,TT-IS-05,Primary Clock Source,available,5275,152,484,0,-56,Good Signal(191)
2022/05/02 15:12:46,TT-IS-05,BB-IS-01,Primary Clock Source,available,10835,484,5793,0,-59,Good Signal(176)
2022/05/02 15:13:02,LD-IS-01,TT-IS-05,Primary Clock Source,available,5275,152,484,0,-56,Good Signal(191)
2022/05/02 15:13:02,TT-IS-05,BB-IS-01,Primary Clock Source,available,10835,484,5793,0,-59,Good Signal(176)
2022/05/02 15:13:08,LD-IS-01,TT-IS-05,Primary Clock Source,available,5275,152,484,0,-56,Good Signal(191)
2022/05/02 15:13:08,TT-IS-05,BB-IS-01,Primary Clock Source,available,10835,484,5793,0,-59,Good Signal(176)
2022/05/02 15:13:18,LD-IS-01,TT-IS-05,Primary Clock Source,available,5275,152,484,0,-56,Good Signal(191)
2022/05/02 15:13:18,TT-IS-05,BB-IS-01,Primary Clock Source,available,10835,484,5793,0,-59,Good Signal(176)
2022/05/02 15:13:26,LD-IS-01,TT-IS-05,Primary Clock Source,available,5275,152,484,0,-56,Good Signal(191)
2022/05/02 15:13:26,TT-IS-05,BB-IS-01,Primary Clock Source,available,10835,484,5793,0,-59,Good Signal(176)
2022/05/02 15:13:40,LD-IS-01,TT-IS-05,Primary Clock Source,available,5275,152,484,0,-56,Good Signal(191)
2022/05/02 15:13:40,TT-IS-05,BB-IS-01,Primary Clock Source,available,10835,484,5793,0,-59,Good Signal(176)
2022/05/02 15:13:50,LD-IS-01,TT-IS-05,Primary Clock Source,available,5341,153,490,0,-56,Excellent Signal(192)
2022/05/02 15:13:50,TT-IS-05,BB-IS-01,Primary Clock Source,available,10969,487,5867,0,-59,Good Signal(176)
2022/05/02 15:13:56,LD-IS-01,TT-IS-05,Primary Clock Source,available,5341,153,490,0,-56,Excellent Signal(192)
2022/05/02 15:13:56,TT-IS-05,BB-IS-01,Primary Clock Source,available,10969,487,5867,0,-59,Good Signal(176)
2022/05/02 15:14:06,LD-IS-01,TT-IS-05,Primary Clock Source,available,5341,153,490,0,-56,Excellent Signal(192)
2022/05/02 15:14:06,TT-IS-05,BB-IS-01,Primary Clock Source,available,10969,487,5867,0,-59,Good Signal(176)
2022/05/02 15:14:22,LD-IS-01,TT-IS-05,Primary Clock Source,available,5341,153,490,0,-56,Excellent Signal(192)
2022/05/02 15:14:22,TT-IS-05,BB-IS-01,Primary Clock Source,available,10969,487,5867,0,-59,Good Signal(176)
2022/05/02 15:14:28,LD-IS-01,TT-IS-05,Primary Clock Source,available,5341,153,490,0,-56,Excellent Signal(192)
2022/05/02 15:14:28,TT-IS-05,BB-IS-01,Primary Clock Source,available,10969,487,5867,0,-59,Good Signal(176)
2022/05/02 15:14:38,LD-IS-01,TT-IS-05,Primary Clock Source,available,5341,153,490,0,-56,Excellent Signal(192)
2022/05/02 15:14:38,TT-IS-05,BB-IS-01,Primary Clock Source,available,10969,487,5867,0,-59,Good Signal(176)
2022/05/02 15:14:46,LD-IS-01,TT-IS-05,Primary Clock Source,available,5406,155,497,0,-56,Excellent Signal(192)
2022/05/02 15:14:46,TT-IS-05,BB-IS-01,Primary Clock Source,available,11103,489,5940,0,-59,Good Signal(176)
2022/05/02 15:15:00,LD-IS-01,TT-IS-05,Primary Clock Source,available,5406,155,497,0,-56,Excellent Signal(192)
2022/05/02 15:15:00,TT-IS-05,BB-IS-01,Primary Clock Source,available,11103,489,5940,0,-59,Good Signal(176)
2022/05/02 15:15:10,LD-IS-01,TT-IS-05,Primary Clock Source,available,5406,155,497,0,-56,Excellent Signal(192)
2022/05/02 15:15:10,TT-IS-05,BB-IS-01,Primary Clock Source,available,11103,489,5940,0,-59,Good Signal(176)
2022/05/02 15:15:16,LD-IS-01,TT-IS-05,Primary Clock Source,available,5406,155,497,0,-56,Excellent Signal(192)
2022/05/02 15:15:16,TT-IS-05,BB-IS-01,Primary Clock Source,available,11103,489,5940,0,-59,Good Signal(176)
2022/05/02 15:15:26,LD-IS-01,TT-IS-05,Primary Clock Source,available,5406,155,497,0,-56,Excellent Signal(192)
2022/05/02 15:15:26,TT-IS-05,BB-IS-01,Primary Clock Source,available,11103,489,5940,0,-59,Good Signal(176)
2022/05/02 15:15:42,LD-IS-01,TT-IS-05,Primary Clock Source,available,5406,155,497,0,-56,Excellent Signal(192)
2022/05/02 15:15:42,TT-IS-05,BB-IS-01,Primary Clock Source,available,11103,489,5940,0,-59,Good Signal(176)
2022/05/02 15:15:48,LD-IS-01,TT-IS-05,Primary Clock Source,available,5471,158,502,0,-55,Excellent Signal(193)
2022/05/02 15:15:48,TT-IS-05,BB-IS-01,Primary Clock Source,available,11237,497,6013,0,-59,Good Signal(175)
2022/05/02 15:15:58,LD-IS-01,TT-IS-05,Primary Clock Source,available,5471,158,502,0,-55,Excellent Signal(193)
2022/05/02 15:15:58,TT-IS-05,BB-IS-01,Primary Clock Source,available,11237,497,6013,0,-59,Good Signal(175)
2022/05/02 15:16:06,LD-IS-01,TT-IS-05,Primary Clock Source,available,5471,158,502,0,-55,Excellent Signal(193)
2022/05/02 15:16:06,TT-IS-05,BB-IS-01,Primary Clock Source,available,11237,497,6013,0,-59,Good Signal(175)
2022/05/02 15:16:20,LD-IS-01,TT-IS-05,Primary Clock Source,available,5471,158,502,0,-55,Excellent Signal(193)
2022/05/02 15:16:20,TT-IS-05,BB-IS-01,Primary Clock Source,available,11237,497,6013,0,-59,Good Signal(175)
2022/05/02 15:16:30,LD-IS-01,TT-IS-05,Primary Clock Source,available,5471,158,502,0,-55,Excellent Signal(193)
2022/05/02 15:16:30,TT-IS-05,BB-IS-01,Primary Clock Source,available,11237,497,6013,0,-59,Good Signal(175)
2022/05/02 15:16:36,LD-IS-01,TT-IS-05,Primary Clock Source,available,5471,158,502,0,-55,Excellent Signal(193)
2022/05/02 15:16:36,TT-IS-05,BB-IS-01,Primary Clock Source,available,11237,497,6013,0,-59,Good Signal(175)
2022/05/02 15:16:46,LD-IS-01,TT-IS-05,Primary Clock Source,available,5538,159,508,0,-55,Excellent Signal(193)
2022/05/02 15:16:46,TT-IS-05,BB-IS-01,Primary Clock Source,available,11372,502,6087,0,-59,Good Signal(178)
2022/05/02 15:17:02,LD-IS-01,TT-IS-05,Primary Clock Source,available,5538,159,508,0,-55,Excellent Signal(193)
2022/05/02 15:17:02,TT-IS-05,BB-IS-01,Primary Clock Source,available,11372,502,6087,0,-59,Good Signal(178)
2022/05/02 15:17:08,LD-IS-01,TT-IS-05,Primary Clock Source,available,5538,159,508,0,-55,Excellent Signal(193)
2022/05/02 15:17:08,TT-IS-05,BB-IS-01,Primary Clock Source,available,11372,502,6087,0,-59,Good Signal(178)
2022/05/02 15:17:18,LD-IS-01,TT-IS-05,Primary Clock Source,available,5538,159,508,0,-55,Excellent Signal(193)
2022/05/02 15:17:18,TT-IS-05,BB-IS-01,Primary Clock Source,available,11372,502,6087,0,-59,Good Signal(178)
2022/05/02 15:17:26,LD-IS-01,TT-IS-05,Primary Clock Source,available,5538,159,508,0,-55,Excellent Signal(193)
2022/05/02 15:17:26,TT-IS-05,BB-IS-01,Primary Clock Source,available,11372,502,6087,0,-59,Good Signal(178)
2022/05/02 15:17:40,LD-IS-01,TT-IS-05,Primary Clock Source,available,5538,159,508,0,-55,Excellent Signal(193)
2022/05/02 15:17:40,TT-IS-05,BB-IS-01,Primary Clock Source,available,11372,502,6087,0,-59,Good Signal(178)
2022/05/02 15:17:50,LD-IS-01,TT-IS-05,Primary Clock Source,available,5604,162,514,0,-55,Excellent Signal(193)
2022/05/02 15:17:50,TT-IS-05,BB-IS-01,Primary Clock Source,available,11507,506,6161,0,-60,Good Signal(178)
2022/05/02 15:17:56,LD-IS-01,TT-IS-05,Primary Clock Source,available,5604,162,514,0,-55,Excellent Signal(193)
2022/05/02 15:17:56,TT-IS-05,BB-IS-01,Primary Clock Source,available,11507,506,6161,0,-60,Good Signal(178)
2022/05/02 15:18:06,LD-IS-01,TT-IS-05,Primary Clock Source,available,5604,162,514,0,-55,Excellent Signal(193)
2022/05/02 15:18:06,TT-IS-05,BB-IS-01,Primary Clock Source,available,11507,506,6161,0,-60,Good Signal(178)
2022/05/02 15:18:22,LD-IS-01,TT-IS-05,Primary Clock Source,available,5604,162,514,0,-55,Excellent Signal(193)
2022/05/02 15:18:22,TT-IS-05,BB-IS-01,Primary Clock Source,available,11507,506,6161,0,-60,Good Signal(178)
2022/05/02 15:18:28,LD-IS-01,TT-IS-05,Primary Clock Source,available,5604,162,514,0,-55,Excellent Signal(193)
2022/05/02 15:18:28,TT-IS-05,BB-IS-01,Primary Clock Source,available,11507,506,6161,0,-60,Good Signal(178)
2022/05/02 15:18:38,LD-IS-01,TT-IS-05,Primary Clock Source,available,5604,162,514,0,-55,Excellent Signal(193)
2022/05/02 15:18:38,TT-IS-05,BB-IS-01,Primary Clock Source,available,11507,506,6161,0,-60,Good Signal(178)
2022/05/02 15:18:46,LD-IS-01,TT-IS-05,Primary Clock Source,available,5670,164,521,0,-55,Excellent Signal(193)
2022/05/02 15:18:46,TT-IS-05,BB-IS-01,Primary Clock Source,available,11640,510,6233,0,-59,Good Signal(181)
2022/05/02 15:19:00,LD-IS-01,TT-IS-05,Primary Clock Source,available,5670,164,521,0,-55,Excellent Signal(193)
2022/05/02 15:19:00,TT-IS-05,BB-IS-01,Primary Clock Source,available,11640,510,6233,0,-59,Good Signal(181)
2022/05/02 15:19:10,LD-IS-01,TT-IS-05,Primary Clock Source,available,5670,164,521,0,-55,Excellent Signal(193)
2022/05/02 15:19:10,TT-IS-05,BB-IS-01,Primary Clock Source,available,11640,510,6233,0,-59,Good Signal(181)
2022/05/02 15:19:16,LD-IS-01,TT-IS-05,Primary Clock Source,available,5670,164,521,0,-55,Excellent Signal(193)
2022/05/02 15:19:16,TT-IS-05,BB-IS-01,Primary Clock Source,available,11640,510,6233,0,-59,Good Signal(181)
2022/05/02 15:19:26,LD-IS-01,TT-IS-05,Primary Clock Source,available,5670,164,521,0,-55,Excellent Signal(193)
2022/05/02 15:19:26,TT-IS-05,BB-IS-01,Primary Clock Source,available,11640,510,6233,0,-59,Good Signal(181)
2022/05/02 15:19:42,LD-IS-01,TT-IS-05,Primary Clock Source,available,5670,164,521,0,-55,Excellent Signal(193)
2022/05/02 15:19:42,TT-IS-05,BB-IS-01,Primary Clock Source,available,11640,510,6233,0,-59,Good Signal(181)
2022/05/02 15:19:50,LD-IS-01,TT-IS-05,Primary Clock Source,available,5734,166,526,0,-55,Excellent Signal(194)
2022/05/02 15:19:50,TT-IS-05,BB-IS-01,Primary Clock Source,available,11774,518,6306,0,-59,Good Signal(176)
2022/05/02 15:19:58,LD-IS-01,TT-IS-05,Primary Clock Source,available,5734,166,526,0,-55,Excellent Signal(194)
2022/05/02 15:19:58,TT-IS-05,BB-IS-01,Primary Clock Source,available,11774,518,6306,0,-59,Good Signal(176)
2022/05/02 15:20:06,LD-IS-01,TT-IS-05,Primary Clock Source,available,5734,166,526,0,-55,Excellent Signal(194)
2022/05/02 15:20:06,TT-IS-05,BB-IS-01,Primary Clock Source,available,11774,518,6306,0,-59,Good Signal(176)
2022/05/02 15:20:20,LD-IS-01,TT-IS-05,Primary Clock Source,available,5734,166,526,0,-55,Excellent Signal(194)
2022/05/02 15:20:20,TT-IS-05,BB-IS-01,Primary Clock Source,available,11774,518,6306,0,-59,Good Signal(176)
2022/05/02 15:20:30,LD-IS-01,TT-IS-05,Primary Clock Source,available,5734,166,526,0,-55,Excellent Signal(194)
2022/05/02 15:20:30,TT-IS-05,BB-IS-01,Primary Clock Source,available,11774,518,6306,0,-59,Good Signal(176)
2022/05/02 15:20:36,LD-IS-01,TT-IS-05,Primary Clock Source,available,5734,166,526,0,-55,Excellent Signal(194)
2022/05/02 15:20:36,TT-IS-05,BB-IS-01,Primary Clock Source,available,11774,518,6306,0,-59,Good Signal(176)
2022/05/02 15:20:46,LD-IS-01,TT-IS-05,Primary Clock Source,available,5802,166,533,0,-55,Excellent Signal(195)
2022/05/02 15:20:46,TT-IS-05,BB-IS-01,Primary Clock Source,available,11909,520,6380,0,-59,Good Signal(178)
2022/05/02 15:21:02,LD-IS-01,TT-IS-05,Primary Clock Source,available,5802,166,533,0,-55,Excellent Signal(195)
2022/05/02 15:21:02,TT-IS-05,BB-IS-01,Primary Clock Source,available,11909,520,6380,0,-59,Good Signal(178)
2022/05/02 15:21:08,LD-IS-01,TT-IS-05,Primary Clock Source,available,5802,166,533,0,-55,Excellent Signal(195)
2022/05/02 15:21:08,TT-IS-05,BB-IS-01,Primary Clock Source,available,11909,520,6380,0,-59,Good Signal(178)
2022/05/02 15:21:18,LD-IS-01,TT-IS-05,Primary Clock Source,available,5802,166,533,0,-55,Excellent Signal(195)
2022/05/02 15:21:18,TT-IS-05,BB-IS-01,Primary Clock Source,available,11909,520,6380,0,-59,Good Signal(178)
2022/05/02 15:21:26,LD-IS-01,TT-IS-05,Primary Clock Source,available,5802,166,533,0,-55,Excellent Signal(195)
2022/05/02 15:21:26,TT-IS-05,BB-IS-01,Primary Clock Source,available,11909,520,6380,0,-59,Good Signal(178)
2022/05/02 15:21:40,LD-IS-01,TT-IS-05,Primary Clock Source,available,5802,166,533,0,-55,Excellent Signal(195)
2022/05/02 15:21:40,TT-IS-05,BB-IS-01,Primary Clock Source,available,11909,520,6380,0,-59,Good Signal(178)
2022/05/02 15:21:50,LD-IS-01,TT-IS-05,Primary Clock Source,available,5868,168,539,0,-55,Excellent Signal(194)
2022/05/02 15:21:50,TT-IS-05,BB-IS-01,Primary Clock Source,available,12043,526,6453,0,-60,Good Signal(175)
2022/05/02 15:21:56,LD-IS-01,TT-IS-05,Primary Clock Source,available,5868,168,539,0,-55,Excellent Signal(194)
2022/05/02 15:21:56,TT-IS-05,BB-IS-01,Primary Clock Source,available,12043,526,6453,0,-60,Good Signal(175)
2022/05/02 15:22:06,LD-IS-01,TT-IS-05,Primary Clock Source,available,5868,168,539,0,-55,Excellent Signal(194)
2022/05/02 15:22:06,TT-IS-05,BB-IS-01,Primary Clock Source,available,12043,526,6453,0,-60,Good Signal(175)
2022/05/02 15:22:22,LD-IS-01,TT-IS-05,Primary Clock Source,available,5868,168,539,0,-55,Excellent Signal(194)
2022/05/02 15:22:22,TT-IS-05,BB-IS-01,Primary Clock Source,available,12043,526,6453,0,-60,Good Signal(175)
2022/05/02 15:22:28,LD-IS-01,TT-IS-05,Primary Clock Source,available,5868,168,539,0,-55,Excellent Signal(194)
2022/05/02 15:22:28,TT-IS-05,BB-IS-01,Primary Clock Source,available,12043,526,6453,0,-60,Good Signal(175)
2022/05/02 15:22:38,LD-IS-01,TT-IS-05,Primary Clock Source,available,5868,168,539,0,-55,Excellent Signal(194)
2022/05/02 15:22:38,TT-IS-05,BB-IS-01,Primary Clock Source,available,12043,526,6453,0,-60,Good Signal(175)
2022/05/02 15:22:46,LD-IS-01,TT-IS-05,Primary Clock Source,available,5934,169,546,0,-55,Excellent Signal(194)
2022/05/02 15:22:46,TT-IS-05,BB-IS-01,Primary Clock Source,available,12176,535,6525,0,-59,Good Signal(178)
2022/05/02 15:23:00,LD-IS-01,TT-IS-05,Primary Clock Source,available,5934,169,546,0,-55,Excellent Signal(194)
2022/05/02 15:23:00,TT-IS-05,BB-IS-01,Primary Clock Source,available,12176,535,6525,0,-59,Good Signal(178)
2022/05/02 15:23:10,LD-IS-01,TT-IS-05,Primary Clock Source,available,5934,169,546,0,-55,Excellent Signal(194)
2022/05/02 15:23:10,TT-IS-05,BB-IS-01,Primary Clock Source,available,12176,535,6525,0,-59,Good Signal(178)
2022/05/02 15:23:18,LD-IS-01,TT-IS-05,Primary Clock Source,available,5934,169,546,0,-55,Excellent Signal(194)
2022/05/02 15:23:18,TT-IS-05,BB-IS-01,Primary Clock Source,available,12176,535,6525,0,-59,Good Signal(178)
2022/05/02 15:23:26,LD-IS-01,TT-IS-05,Primary Clock Source,available,5934,169,546,0,-55,Excellent Signal(194)
2022/05/02 15:23:26,TT-IS-05,BB-IS-01,Primary Clock Source,available,12176,535,6525,0,-59,Good Signal(178)
2022/05/02 15:23:42,LD-IS-01,TT-IS-05,Primary Clock Source,available,5934,169,546,0,-55,Excellent Signal(194)
2022/05/02 15:23:42,TT-IS-05,BB-IS-01,Primary Clock Source,available,12176,535,6525,0,-59,Good Signal(178)
2022/05/02 15:23:48,LD-IS-01,TT-IS-05,Primary Clock Source,available,5998,172,551,0,-55,Excellent Signal(192)
2022/05/02 15:23:48,TT-IS-05,BB-IS-01,Primary Clock Source,available,12308,543,6596,0,-59,Good Signal(178)
2022/05/02 15:23:58,LD-IS-01,TT-IS-05,Primary Clock Source,available,5998,172,551,0,-55,Excellent Signal(192)
2022/05/02 15:23:58,TT-IS-05,BB-IS-01,Primary Clock Source,available,12308,543,6596,0,-59,Good Signal(178)
2022/05/02 15:24:06,LD-IS-01,TT-IS-05,Primary Clock Source,available,5998,172,551,0,-55,Excellent Signal(192)
2022/05/02 15:24:06,TT-IS-05,BB-IS-01,Primary Clock Source,available,12308,543,6596,0,-59,Good Signal(178)
2022/05/02 15:24:20,LD-IS-01,TT-IS-05,Primary Clock Source,available,5998,172,551,0,-55,Excellent Signal(192)
2022/05/02 15:24:20,TT-IS-05,BB-IS-01,Primary Clock Source,available,12308,543,6596,0,-59,Good Signal(178)
2022/05/02 15:24:30,LD-IS-01,TT-IS-05,Primary Clock Source,available,5998,172,551,0,-55,Excellent Signal(192)
2022/05/02 15:24:30,TT-IS-05,BB-IS-01,Primary Clock Source,available,12308,543,6596,0,-59,Good Signal(178)
2022/05/02 15:24:36,LD-IS-01,TT-IS-05,Primary Clock Source,available,5998,172,551,0,-55,Excellent Signal(192)
2022/05/02 15:24:36,TT-IS-05,BB-IS-01,Primary Clock Source,available,12308,543,6596,0,-59,Good Signal(178)
2022/05/02 15:24:46,LD-IS-01,TT-IS-05,Primary Clock Source,available,6063,174,557,0,-55,Excellent Signal(193)
2022/05/02 15:24:46,TT-IS-05,BB-IS-01,Primary Clock Source,available,12442,547,6669,0,-59,Good Signal(175)
2022/05/02 15:25:02,LD-IS-01,TT-IS-05,Primary Clock Source,available,6063,174,557,0,-55,Excellent Signal(193)
2022/05/02 15:25:02,TT-IS-05,BB-IS-01,Primary Clock Source,available,12442,547,6669,0,-59,Good Signal(175)
2022/05/02 15:25:08,LD-IS-01,TT-IS-05,Primary Clock Source,available,6063,174,557,0,-55,Excellent Signal(193)
2022/05/02 15:25:08,TT-IS-05,BB-IS-01,Primary Clock Source,available,12442,547,6669,0,-59,Good Signal(175)
2022/05/02 15:25:18,LD-IS-01,TT-IS-05,Primary Clock Source,available,6063,174,557,0,-55,Excellent Signal(193)
2022/05/02 15:25:18,TT-IS-05,BB-IS-01,Primary Clock Source,available,12442,547,6669,0,-59,Good Signal(175)
2022/05/02 15:25:26,LD-IS-01,TT-IS-05,Primary Clock Source,available,6063,174,557,0,-55,Excellent Signal(193)
2022/05/02 15:25:26,TT-IS-05,BB-IS-01,Primary Clock Source,available,12442,547,6669,0,-59,Good Signal(175)
2022/05/02 15:25:40,LD-IS-01,TT-IS-05,Primary Clock Source,available,6063,174,557,0,-55,Excellent Signal(193)
2022/05/02 15:25:40,TT-IS-05,BB-IS-01,Primary Clock Source,available,12442,547,6669,0,-59,Good Signal(175)
2022/05/02 15:25:50,LD-IS-01,TT-IS-05,Primary Clock Source,available,6129,176,563,0,-55,Excellent Signal(193)
2022/05/02 15:25:50,TT-IS-05,BB-IS-01,Primary Clock Source,available,12577,554,6743,0,-59,Good Signal(175)
2022/05/02 15:25:56,LD-IS-01,TT-IS-05,Primary Clock Source,available,6129,176,563,0,-55,Excellent Signal(193)
2022/05/02 15:25:56,TT-IS-05,BB-IS-01,Primary Clock Source,available,12577,554,6743,0,-59,Good Signal(175)
2022/05/02 15:26:06,LD-IS-01,TT-IS-05,Primary Clock Source,available,6129,176,563,0,-55,Excellent Signal(193)
2022/05/02 15:26:06,TT-IS-05,BB-IS-01,Primary Clock Source,available,12577,554,6743,0,-59,Good Signal(175)
2022/05/02 15:26:22,LD-IS-01,TT-IS-05,Primary Clock Source,available,6129,176,563,0,-55,Excellent Signal(193)
2022/05/02 15:26:22,TT-IS-05,BB-IS-01,Primary Clock Source,available,12577,554,6743,0,-59,Good Signal(175)
2022/05/02 15:26:30,LD-IS-01,TT-IS-05,Primary Clock Source,available,6129,176,563,0,-55,Excellent Signal(193)
2022/05/02 15:26:30,TT-IS-05,BB-IS-01,Primary Clock Source,available,12577,554,6743,0,-59,Good Signal(175)
2022/05/02 15:26:38,LD-IS-01,TT-IS-05,Primary Clock Source,available,6129,176,563,0,-55,Excellent Signal(193)
2022/05/02 15:26:38,TT-IS-05,BB-IS-01,Primary Clock Source,available,12577,554,6743,0,-59,Good Signal(175)
2022/05/02 15:26:46,LD-IS-01,TT-IS-05,Primary Clock Source,available,6194,178,570,0,-55,Excellent Signal(194)
2022/05/02 15:26:46,TT-IS-05,BB-IS-01,Primary Clock Source,available,12710,563,6815,0,-59,Good Signal(172)
2022/05/02 15:27:00,LD-IS-01,TT-IS-05,Primary Clock Source,available,6194,178,570,0,-55,Excellent Signal(194)
2022/05/02 15:27:00,TT-IS-05,BB-IS-01,Primary Clock Source,available,12710,563,6815,0,-59,Good Signal(172)
2022/05/02 15:27:10,LD-IS-01,TT-IS-05,Primary Clock Source,available,6194,178,570,0,-55,Excellent Signal(194)
2022/05/02 15:27:10,TT-IS-05,BB-IS-01,Primary Clock Source,available,12710,563,6815,0,-59,Good Signal(172)
2022/05/02 15:27:16,LD-IS-01,TT-IS-05,Primary Clock Source,available,6194,178,570,0,-55,Excellent Signal(194)
2022/05/02 15:27:16,TT-IS-05,BB-IS-01,Primary Clock Source,available,12710,563,6815,0,-59,Good Signal(172)
2022/05/02 15:27:26,LD-IS-01,TT-IS-05,Primary Clock Source,available,6194,178,570,0,-55,Excellent Signal(194)
2022/05/02 15:27:26,TT-IS-05,BB-IS-01,Primary Clock Source,available,12710,563,6815,0,-59,Good Signal(172)
2022/05/02 15:27:42,LD-IS-01,TT-IS-05,Primary Clock Source,available,6194,178,570,0,-55,Excellent Signal(194)
2022/05/02 15:27:42,TT-IS-05,BB-IS-01,Primary Clock Source,available,12710,563,6815,0,-59,Good Signal(172)
2022/05/02 15:27:48,LD-IS-01,TT-IS-05,Primary Clock Source,available,6260,178,575,0,-55,Excellent Signal(193)
2022/05/02 15:27:48,TT-IS-05,BB-IS-01,Primary Clock Source,available,12843,570,6887,0,-59,Good Signal(177)
2022/05/02 15:27:58,LD-IS-01,TT-IS-05,Primary Clock Source,available,6260,178,575,0,-55,Excellent Signal(193)
2022/05/02 15:27:58,TT-IS-05,BB-IS-01,Primary Clock Source,available,12843,570,6887,0,-59,Good Signal(177)
2022/05/02 15:28:06,LD-IS-01,TT-IS-05,Primary Clock Source,available,6260,178,575,0,-55,Excellent Signal(193)
2022/05/02 15:28:06,TT-IS-05,BB-IS-01,Primary Clock Source,available,12843,570,6887,0,-59,Good Signal(177)
2022/05/02 15:28:20,LD-IS-01,TT-IS-05,Primary Clock Source,available,6260,178,575,0,-55,Excellent Signal(193)
2022/05/02 15:28:20,TT-IS-05,BB-IS-01,Primary Clock Source,available,12843,570,6887,0,-59,Good Signal(177)
2022/05/02 15:28:30,LD-IS-01,TT-IS-05,Primary Clock Source,available,6260,178,575,0,-55,Excellent Signal(193)
2022/05/02 15:28:30,TT-IS-05,BB-IS-01,Primary Clock Source,available,12843,570,6887,0,-59,Good Signal(177)
2022/05/02 15:28:36,LD-IS-01,TT-IS-05,Primary Clock Source,available,6260,178,575,0,-55,Excellent Signal(193)
2022/05/02 15:28:36,TT-IS-05,BB-IS-01,Primary Clock Source,available,12843,570,6887,0,-59,Good Signal(177)
2022/05/02 15:28:46,LD-IS-01,TT-IS-05,Primary Clock Source,available,6327,180,581,0,-55,Excellent Signal(192)
2022/05/02 15:28:46,TT-IS-05,BB-IS-01,Primary Clock Source,available,12979,574,6962,0,-59,Good Signal(175)
2022/05/02 15:29:02,LD-IS-01,TT-IS-05,Primary Clock Source,available,6327,180,581,0,-55,Excellent Signal(192)
2022/05/02 15:29:02,TT-IS-05,BB-IS-01,Primary Clock Source,available,12979,574,6962,0,-59,Good Signal(175)
2022/05/02 15:29:08,LD-IS-01,TT-IS-05,Primary Clock Source,available,6327,180,581,0,-55,Excellent Signal(192)
2022/05/02 15:29:08,TT-IS-05,BB-IS-01,Primary Clock Source,available,12979,574,6962,0,-59,Good Signal(175)
2022/05/02 15:29:18,LD-IS-01,TT-IS-05,Primary Clock Source,available,6327,180,581,0,-55,Excellent Signal(192)
2022/05/02 15:29:18,TT-IS-05,BB-IS-01,Primary Clock Source,available,12979,574,6962,0,-59,Good Signal(175)
2022/05/02 15:29:26,LD-IS-01,TT-IS-05,Primary Clock Source,available,6327,180,581,0,-55,Excellent Signal(192)
2022/05/02 15:29:26,TT-IS-05,BB-IS-01,Primary Clock Source,available,12979,574,6962,0,-59,Good Signal(175)
2022/05/02 15:29:40,LD-IS-01,TT-IS-05,Primary Clock Source,available,6327,180,581,0,-55,Excellent Signal(192)
2022/05/02 15:29:40,TT-IS-05,BB-IS-01,Primary Clock Source,available,12979,574,6962,0,-59,Good Signal(175)
2022/05/02 15:29:50,LD-IS-01,TT-IS-05,Primary Clock Source,available,6391,184,587,0,-55,Excellent Signal(193)
2022/05/02 15:29:50,TT-IS-05,BB-IS-01,Primary Clock Source,available,13113,578,7035,0,-58,Good Signal(177)
2022/05/02 15:29:56,LD-IS-01,TT-IS-05,Primary Clock Source,available,6391,184,587,0,-55,Excellent Signal(193)
2022/05/02 15:29:56,TT-IS-05,BB-IS-01,Primary Clock Source,available,13113,578,7035,0,-58,Good Signal(177)
2022/05/02 15:30:06,LD-IS-01,TT-IS-05,Primary Clock Source,available,6391,184,587,0,-55,Excellent Signal(193)
2022/05/02 15:30:06,TT-IS-05,BB-IS-01,Primary Clock Source,available,13113,578,7035,0,-58,Good Signal(177)
2022/05/02 15:30:22,LD-IS-01,TT-IS-05,Primary Clock Source,available,6391,184,587,0,-55,Excellent Signal(193)
2022/05/02 15:30:22,TT-IS-05,BB-IS-01,Primary Clock Source,available,13113,578,7035,0,-58,Good Signal(177)
2022/05/02 15:30:28,LD-IS-01,TT-IS-05,Primary Clock Source,available,6391,184,587,0,-55,Excellent Signal(193)
2022/05/02 15:30:28,TT-IS-05,BB-IS-01,Primary Clock Source,available,13113,578,7035,0,-58,Good Signal(177)
2022/05/02 15:30:38,LD-IS-01,TT-IS-05,Primary Clock Source,available,6391,184,587,0,-55,Excellent Signal(193)
2022/05/02 15:30:38,TT-IS-05,BB-IS-01,Primary Clock Source,available,13113,578,7035,0,-58,Good Signal(177)
2022/05/02 15:30:46,LD-IS-01,TT-IS-05,Primary Clock Source,available,6456,186,594,0,-55,Excellent Signal(194)
2022/05/02 15:30:46,TT-IS-05,BB-IS-01,Primary Clock Source,available,13247,588,7108,0,-59,Good Signal(173)
2022/05/02 15:31:00,LD-IS-01,TT-IS-05,Primary Clock Source,available,6456,186,594,0,-55,Excellent Signal(194)
2022/05/02 15:31:00,TT-IS-05,BB-IS-01,Primary Clock Source,available,13247,588,7108,0,-59,Good Signal(173)
2022/05/02 15:31:10,LD-IS-01,TT-IS-05,Primary Clock Source,available,6456,186,594,0,-55,Excellent Signal(194)
2022/05/02 15:31:10,TT-IS-05,BB-IS-01,Primary Clock Source,available,13247,588,7108,0,-59,Good Signal(173)
2022/05/02 15:31:16,LD-IS-01,TT-IS-05,Primary Clock Source,available,6456,186,594,0,-55,Excellent Signal(194)
2022/05/02 15:31:16,TT-IS-05,BB-IS-01,Primary Clock Source,available,13247,588,7108,0,-59,Good Signal(173)
2022/05/02 15:31:26,LD-IS-01,TT-IS-05,Primary Clock Source,available,6456,186,594,0,-55,Excellent Signal(194)
2022/05/02 15:31:26,TT-IS-05,BB-IS-01,Primary Clock Source,available,13247,588,7108,0,-59,Good Signal(173)
2022/05/02 15:31:42,LD-IS-01,TT-IS-05,Primary Clock Source,available,6456,186,594,0,-55,Excellent Signal(194)
2022/05/02 15:31:42,TT-IS-05,BB-IS-01,Primary Clock Source,available,13247,588,7108,0,-59,Good Signal(173)
2022/05/02 15:31:48,LD-IS-01,TT-IS-05,Primary Clock Source,available,6522,186,600,0,-55,Excellent Signal(194)
2022/05/02 15:31:48,TT-IS-05,BB-IS-01,Primary Clock Source,available,13380,591,7180,0,-59,Good Signal(174)
2022/05/02 15:32:04,LD-IS-01,TT-IS-05,Primary Clock Source,available,6522,186,600,0,-55,Excellent Signal(194)
2022/05/02 15:32:04,TT-IS-05,BB-IS-01,Primary Clock Source,available,13380,591,7180,0,-59,Good Signal(174)
2022/05/02 15:32:14,LD-IS-01,TT-IS-05,Primary Clock Source,available,6522,186,600,0,-55,Excellent Signal(194)
2022/05/02 15:32:14,TT-IS-05,BB-IS-01,Primary Clock Source,available,13380,591,7180,0,-59,Good Signal(174)
2022/05/02 15:32:20,LD-IS-01,TT-IS-05,Primary Clock Source,available,6522,186,600,0,-55,Excellent Signal(194)
2022/05/02 15:32:20,TT-IS-05,BB-IS-01,Primary Clock Source,available,13380,591,7180,0,-59,Good Signal(174)
2022/05/02 15:32:30,LD-IS-01,TT-IS-05,Primary Clock Source,available,6522,186,600,0,-55,Excellent Signal(194)
2022/05/02 15:32:30,TT-IS-05,BB-IS-01,Primary Clock Source,available,13380,591,7180,0,-59,Good Signal(174)
2022/05/02 15:32:36,LD-IS-01,TT-IS-05,Primary Clock Source,available,6522,186,600,0,-55,Excellent Signal(194)
2022/05/02 15:32:36,TT-IS-05,BB-IS-01,Primary Clock Source,available,13380,591,7180,0,-59,Good Signal(174)
2022/05/02 15:32:46,LD-IS-01,TT-IS-05,Primary Clock Source,available,6587,189,606,0,-55,Excellent Signal(193)
2022/05/02 15:32:46,TT-IS-05,BB-IS-01,Primary Clock Source,available,13513,596,7252,0,-60,Good Signal(173)
2022/05/02 15:33:02,LD-IS-01,TT-IS-05,Primary Clock Source,available,6587,189,606,0,-55,Excellent Signal(193)
2022/05/02 15:33:02,TT-IS-05,BB-IS-01,Primary Clock Source,available,13513,596,7252,0,-60,Good Signal(173)
2022/05/02 15:33:08,LD-IS-01,TT-IS-05,Primary Clock Source,available,6587,189,606,0,-55,Excellent Signal(193)
2022/05/02 15:33:08,TT-IS-05,BB-IS-01,Primary Clock Source,available,13513,596,7252,0,-60,Good Signal(173)
2022/05/02 15:33:18,LD-IS-01,TT-IS-05,Primary Clock Source,available,6587,189,606,0,-55,Excellent Signal(193)
2022/05/02 15:33:18,TT-IS-05,BB-IS-01,Primary Clock Source,available,13513,596,7252,0,-60,Good Signal(173)
2022/05/02 15:33:34,LD-IS-01,TT-IS-05,Primary Clock Source,available,6587,189,606,0,-55,Excellent Signal(193)
2022/05/02 15:33:34,TT-IS-05,BB-IS-01,Primary Clock Source,available,13513,596,7252,0,-60,Good Signal(173)
2022/05/02 15:33:40,LD-IS-01,TT-IS-05,Primary Clock Source,available,6587,189,606,0,-55,Excellent Signal(193)
2022/05/02 15:33:40,TT-IS-05,BB-IS-01,Primary Clock Source,available,13513,596,7252,0,-60,Good Signal(173)
2022/05/02 15:33:50,LD-IS-01,TT-IS-05,Primary Clock Source,available,6653,191,612,0,-55,Excellent Signal(193)
2022/05/02 15:33:50,TT-IS-05,BB-IS-01,Primary Clock Source,available,13648,604,7326,0,-59,Good Signal(177)
2022/05/02 15:33:56,LD-IS-01,TT-IS-05,Primary Clock Source,available,6653,191,612,0,-55,Excellent Signal(193)
2022/05/02 15:33:56,TT-IS-05,BB-IS-01,Primary Clock Source,available,13648,604,7326,0,-59,Good Signal(177)
2022/05/02 15:34:12,LD-IS-01,TT-IS-05,Primary Clock Source,available,6653,191,612,0,-55,Excellent Signal(193)
2022/05/02 15:34:12,TT-IS-05,BB-IS-01,Primary Clock Source,available,13648,604,7326,0,-59,Good Signal(177)
2022/05/02 15:34:22,LD-IS-01,TT-IS-05,Primary Clock Source,available,6653,191,612,0,-55,Excellent Signal(193)
2022/05/02 15:34:22,TT-IS-05,BB-IS-01,Primary Clock Source,available,13648,604,7326,0,-59,Good Signal(177)
2022/05/02 15:34:28,LD-IS-01,TT-IS-05,Primary Clock Source,available,6653,191,612,0,-55,Excellent Signal(193)
2022/05/02 15:34:28,TT-IS-05,BB-IS-01,Primary Clock Source,available,13648,604,7326,0,-59,Good Signal(177)
2022/05/02 15:34:38,LD-IS-01,TT-IS-05,Primary Clock Source,available,6653,191,612,0,-55,Excellent Signal(193)
2022/05/02 15:34:38,TT-IS-05,BB-IS-01,Primary Clock Source,available,13648,604,7326,0,-59,Good Signal(177)
2022/05/02 15:34:54,LD-IS-01,TT-IS-05,Primary Clock Source,available,6720,192,619,0,-55,Excellent Signal(193)
2022/05/02 15:34:54,TT-IS-05,BB-IS-01,Primary Clock Source,available,13784,614,7401,0,-59,Good Signal(178)
2022/05/02 15:35:00,LD-IS-01,TT-IS-05,Primary Clock Source,available,6720,192,619,0,-55,Excellent Signal(193)
2022/05/02 15:35:00,TT-IS-05,BB-IS-01,Primary Clock Source,available,13784,614,7401,0,-59,Good Signal(178)
2022/05/02 15:35:10,LD-IS-01,TT-IS-05,Primary Clock Source,available,6720,192,619,0,-55,Excellent Signal(193)
2022/05/02 15:35:10,TT-IS-05,BB-IS-01,Primary Clock Source,available,13784,614,7401,0,-59,Good Signal(178)
2022/05/02 15:35:16,LD-IS-01,TT-IS-05,Primary Clock Source,available,6720,192,619,0,-55,Excellent Signal(193)
2022/05/02 15:35:16,TT-IS-05,BB-IS-01,Primary Clock Source,available,13784,614,7401,0,-59,Good Signal(178)
2022/05/02 15:35:26,LD-IS-01,TT-IS-05,Primary Clock Source,available,6720,192,619,0,-55,Excellent Signal(193)
2022/05/02 15:35:26,TT-IS-05,BB-IS-01,Primary Clock Source,available,13784,614,7401,0,-59,Good Signal(178)
2022/05/02 15:35:42,LD-IS-01,TT-IS-05,Primary Clock Source,available,6720,192,619,0,-55,Excellent Signal(193)
2022/05/02 15:35:42,TT-IS-05,BB-IS-01,Primary Clock Source,available,13784,614,7401,0,-59,Good Signal(178)
2022/05/02 15:35:48,LD-IS-01,TT-IS-05,Primary Clock Source,available,6786,192,625,0,-55,Excellent Signal(195)
2022/05/02 15:35:48,TT-IS-05,BB-IS-01,Primary Clock Source,available,13917,615,7473,0,-59,Good Signal(179)
2022/05/02 15:35:58,LD-IS-01,TT-IS-05,Primary Clock Source,available,6786,192,625,0,-55,Excellent Signal(195)
2022/05/02 15:35:58,TT-IS-05,BB-IS-01,Primary Clock Source,available,13917,615,7473,0,-59,Good Signal(179)
2022/05/02 15:36:06,LD-IS-01,TT-IS-05,Primary Clock Source,available,6786,192,625,0,-55,Excellent Signal(195)
2022/05/02 15:36:06,TT-IS-05,BB-IS-01,Primary Clock Source,available,13917,615,7473,0,-59,Good Signal(179)
2022/05/02 15:36:20,LD-IS-01,TT-IS-05,Primary Clock Source,available,6786,192,625,0,-55,Excellent Signal(195)
2022/05/02 15:36:20,TT-IS-05,BB-IS-01,Primary Clock Source,available,13917,615,7473,0,-59,Good Signal(179)
2022/05/02 15:36:30,LD-IS-01,TT-IS-05,Primary Clock Source,available,6786,192,625,0,-55,Excellent Signal(195)
2022/05/02 15:36:30,TT-IS-05,BB-IS-01,Primary Clock Source,available,13917,615,7473,0,-59,Good Signal(179)
2022/05/02 15:36:36,LD-IS-01,TT-IS-05,Primary Clock Source,available,6786,192,625,0,-55,Excellent Signal(195)
2022/05/02 15:36:36,TT-IS-05,BB-IS-01,Primary Clock Source,available,13917,615,7473,0,-59,Good Signal(179)
2022/05/02 15:36:47,LD-IS-01,TT-IS-05,Primary Clock Source,available,6852,195,631,0,-55,Excellent Signal(196)
2022/05/02 15:36:47,TT-IS-05,BB-IS-01,Primary Clock Source,available,14052,617,7547,0,-59,Good Signal(179)
2022/05/02 15:37:02,LD-IS-01,TT-IS-05,Primary Clock Source,available,6852,195,631,0,-55,Excellent Signal(196)
2022/05/02 15:37:02,TT-IS-05,BB-IS-01,Primary Clock Source,available,14052,617,7547,0,-59,Good Signal(179)
2022/05/02 15:37:08,LD-IS-01,TT-IS-05,Primary Clock Source,available,6852,195,631,0,-55,Excellent Signal(196)
2022/05/02 15:37:08,TT-IS-05,BB-IS-01,Primary Clock Source,available,14052,617,7547,0,-59,Good Signal(179)
2022/05/02 15:37:18,LD-IS-01,TT-IS-05,Primary Clock Source,available,6852,195,631,0,-55,Excellent Signal(196)
2022/05/02 15:37:18,TT-IS-05,BB-IS-01,Primary Clock Source,available,14052,617,7547,0,-59,Good Signal(179)
2022/05/02 15:37:26,LD-IS-01,TT-IS-05,Primary Clock Source,available,6852,195,631,0,-55,Excellent Signal(196)
2022/05/02 15:37:26,TT-IS-05,BB-IS-01,Primary Clock Source,available,14052,617,7547,0,-59,Good Signal(179)
2022/05/02 15:37:40,LD-IS-01,TT-IS-05,Primary Clock Source,available,6852,195,631,0,-55,Excellent Signal(196)
2022/05/02 15:37:40,TT-IS-05,BB-IS-01,Primary Clock Source,available,14052,617,7547,0,-59,Good Signal(179)
2022/05/02 15:37:50,LD-IS-01,TT-IS-05,Primary Clock Source,available,6917,197,637,0,-55,Excellent Signal(197)
2022/05/02 15:37:50,TT-IS-05,BB-IS-01,Primary Clock Source,available,14185,627,7619,0,-59,Good Signal(176)
2022/05/02 15:37:56,LD-IS-01,TT-IS-05,Primary Clock Source,available,6917,197,637,0,-55,Excellent Signal(197)
2022/05/02 15:37:56,TT-IS-05,BB-IS-01,Primary Clock Source,available,14185,627,7619,0,-59,Good Signal(176)
2022/05/02 15:38:06,LD-IS-01,TT-IS-05,Primary Clock Source,available,6917,197,637,0,-55,Excellent Signal(197)
2022/05/02 15:38:06,TT-IS-05,BB-IS-01,Primary Clock Source,available,14185,627,7619,0,-59,Good Signal(176)
2022/05/02 15:38:22,LD-IS-01,TT-IS-05,Primary Clock Source,available,6917,197,637,0,-55,Excellent Signal(197)
2022/05/02 15:38:22,TT-IS-05,BB-IS-01,Primary Clock Source,available,14185,627,7619,0,-59,Good Signal(176)
2022/05/02 15:38:28,LD-IS-01,TT-IS-05,Primary Clock Source,available,6917,197,637,0,-55,Excellent Signal(197)
2022/05/02 15:38:28,TT-IS-05,BB-IS-01,Primary Clock Source,available,14185,627,7619,0,-59,Good Signal(176)
2022/05/02 15:38:38,LD-IS-01,TT-IS-05,Primary Clock Source,available,6917,197,637,0,-55,Excellent Signal(197)
2022/05/02 15:38:38,TT-IS-05,BB-IS-01,Primary Clock Source,available,14185,627,7619,0,-59,Good Signal(176)
2022/05/02 15:38:46,LD-IS-01,TT-IS-05,Primary Clock Source,available,6984,198,644,0,-55,Excellent Signal(197)
2022/05/02 15:38:46,TT-IS-05,BB-IS-01,Primary Clock Source,available,14320,631,7693,0,-59,Good Signal(178)
2022/05/02 15:39:00,LD-IS-01,TT-IS-05,Primary Clock Source,available,6984,198,644,0,-55,Excellent Signal(197)
2022/05/02 15:39:00,TT-IS-05,BB-IS-01,Primary Clock Source,available,14320,631,7693,0,-59,Good Signal(178)
2022/05/02 15:39:10,LD-IS-01,TT-IS-05,Primary Clock Source,available,6984,198,644,0,-55,Excellent Signal(197)
2022/05/02 15:39:10,TT-IS-05,BB-IS-01,Primary Clock Source,available,14320,631,7693,0,-59,Good Signal(178)
2022/05/02 15:39:16,LD-IS-01,TT-IS-05,Primary Clock Source,available,6984,198,644,0,-55,Excellent Signal(197)
2022/05/02 15:39:16,TT-IS-05,BB-IS-01,Primary Clock Source,available,14320,631,7693,0,-59,Good Signal(178)
2022/05/02 15:39:26,LD-IS-01,TT-IS-05,Primary Clock Source,available,6984,198,644,0,-55,Excellent Signal(197)
2022/05/02 15:39:26,TT-IS-05,BB-IS-01,Primary Clock Source,available,14320,631,7693,0,-59,Good Signal(178)
2022/05/02 15:39:42,LD-IS-01,TT-IS-05,Primary Clock Source,available,6984,198,644,0,-55,Excellent Signal(197)
2022/05/02 15:39:42,TT-IS-05,BB-IS-01,Primary Clock Source,available,14320,631,7693,0,-59,Good Signal(178)
2022/05/02 15:39:48,LD-IS-01,TT-IS-05,Primary Clock Source,available,7050,199,649,0,-55,Excellent Signal(195)
2022/05/02 15:39:48,TT-IS-05,BB-IS-01,Primary Clock Source,available,14453,636,7765,0,-59,Good Signal(176)
2022/05/02 15:39:58,LD-IS-01,TT-IS-05,Primary Clock Source,available,7050,199,649,0,-55,Excellent Signal(195)
2022/05/02 15:39:58,TT-IS-05,BB-IS-01,Primary Clock Source,available,14453,636,7765,0,-59,Good Signal(176)
2022/05/02 15:40:06,LD-IS-01,TT-IS-05,Primary Clock Source,available,7050,199,649,0,-55,Excellent Signal(195)
2022/05/02 15:40:06,TT-IS-05,BB-IS-01,Primary Clock Source,available,14453,636,7765,0,-59,Good Signal(176)
2022/05/02 15:40:20,LD-IS-01,TT-IS-05,Primary Clock Source,available,7050,199,649,0,-55,Excellent Signal(195)
2022/05/02 15:40:20,TT-IS-05,BB-IS-01,Primary Clock Source,available,14453,636,7765,0,-59,Good Signal(176)
2022/05/02 15:40:30,LD-IS-01,TT-IS-05,Primary Clock Source,available,7050,199,649,0,-55,Excellent Signal(195)
2022/05/02 15:40:30,TT-IS-05,BB-IS-01,Primary Clock Source,available,14453,636,7765,0,-59,Good Signal(176)
2022/05/02 15:40:36,LD-IS-01,TT-IS-05,Primary Clock Source,available,7050,199,649,0,-55,Excellent Signal(195)
2022/05/02 15:40:36,TT-IS-05,BB-IS-01,Primary Clock Source,available,14453,636,7765,0,-59,Good Signal(176)
2022/05/02 15:40:46,LD-IS-01,TT-IS-05,Primary Clock Source,available,7116,202,656,0,-55,Excellent Signal(193)
2022/05/02 15:40:46,TT-IS-05,BB-IS-01,Primary Clock Source,available,14588,641,7839,0,-59,Good Signal(180)
2022/05/02 15:41:02,LD-IS-01,TT-IS-05,Primary Clock Source,available,7116,202,656,0,-55,Excellent Signal(193)
2022/05/02 15:41:02,TT-IS-05,BB-IS-01,Primary Clock Source,available,14588,641,7839,0,-59,Good Signal(180)
2022/05/02 15:41:08,LD-IS-01,TT-IS-05,Primary Clock Source,available,7116,202,656,0,-55,Excellent Signal(193)
2022/05/02 15:41:08,TT-IS-05,BB-IS-01,Primary Clock Source,available,14588,641,7839,0,-59,Good Signal(180)
2022/05/02 15:41:18,LD-IS-01,TT-IS-05,Primary Clock Source,available,7116,202,656,0,-55,Excellent Signal(193)
2022/05/02 15:41:18,TT-IS-05,BB-IS-01,Primary Clock Source,available,14588,641,7839,0,-59,Good Signal(180)
2022/05/02 15:41:26,LD-IS-01,TT-IS-05,Primary Clock Source,available,7116,202,656,0,-55,Excellent Signal(193)
2022/05/02 15:41:26,TT-IS-05,BB-IS-01,Primary Clock Source,available,14588,641,7839,0,-59,Good Signal(180)
2022/05/02 15:41:40,LD-IS-01,TT-IS-05,Primary Clock Source,available,7116,202,656,0,-55,Excellent Signal(193)
2022/05/02 15:41:40,TT-IS-05,BB-IS-01,Primary Clock Source,available,14588,641,7839,0,-59,Good Signal(180)
2022/05/02 15:41:50,LD-IS-01,TT-IS-05,Primary Clock Source,available,7182,203,662,0,-55,Excellent Signal(192)
2022/05/02 15:41:50,TT-IS-05,BB-IS-01,Primary Clock Source,available,14722,652,7912,0,-59,Good Signal(176)
2022/05/02 15:41:56,LD-IS-01,TT-IS-05,Primary Clock Source,available,7182,203,662,0,-55,Excellent Signal(192)
2022/05/02 15:41:56,TT-IS-05,BB-IS-01,Primary Clock Source,available,14722,652,7912,0,-59,Good Signal(176)
2022/05/02 15:42:06,LD-IS-01,TT-IS-05,Primary Clock Source,available,7182,203,662,0,-55,Excellent Signal(192)
2022/05/02 15:42:06,TT-IS-05,BB-IS-01,Primary Clock Source,available,14722,652,7912,0,-59,Good Signal(176)
2022/05/02 15:42:22,LD-IS-01,TT-IS-05,Primary Clock Source,available,7182,203,662,0,-55,Excellent Signal(192)
2022/05/02 15:42:22,TT-IS-05,BB-IS-01,Primary Clock Source,available,14722,652,7912,0,-59,Good Signal(176)
2022/05/02 15:42:28,LD-IS-01,TT-IS-05,Primary Clock Source,available,7182,203,662,0,-55,Excellent Signal(192)
2022/05/02 15:42:28,TT-IS-05,BB-IS-01,Primary Clock Source,available,14722,652,7912,0,-59,Good Signal(176)
2022/05/02 15:42:38,LD-IS-01,TT-IS-05,Primary Clock Source,available,7182,203,662,0,-55,Excellent Signal(192)
2022/05/02 15:42:38,TT-IS-05,BB-IS-01,Primary Clock Source,available,14722,652,7912,0,-59,Good Signal(176)
2022/05/02 15:42:46,LD-IS-01,TT-IS-05,Primary Clock Source,available,7249,203,669,0,-55,Excellent Signal(194)
2022/05/02 15:42:46,TT-IS-05,BB-IS-01,Primary Clock Source,available,14856,654,7985,0,-59,Good Signal(177)
2022/05/02 15:43:00,LD-IS-01,TT-IS-05,Primary Clock Source,available,7249,203,669,0,-55,Excellent Signal(194)
2022/05/02 15:43:00,TT-IS-05,BB-IS-01,Primary Clock Source,available,14856,654,7985,0,-59,Good Signal(177)
2022/05/02 15:43:10,LD-IS-01,TT-IS-05,Primary Clock Source,available,7249,203,669,0,-55,Excellent Signal(194)
2022/05/02 15:43:10,TT-IS-05,BB-IS-01,Primary Clock Source,available,14856,654,7985,0,-59,Good Signal(177)
2022/05/02 15:43:16,LD-IS-01,TT-IS-05,Primary Clock Source,available,7249,203,669,0,-55,Excellent Signal(194)
2022/05/02 15:43:16,TT-IS-05,BB-IS-01,Primary Clock Source,available,14856,654,7985,0,-59,Good Signal(177)
2022/05/02 15:43:26,LD-IS-01,TT-IS-05,Primary Clock Source,available,7249,203,669,0,-55,Excellent Signal(194)
2022/05/02 15:43:26,TT-IS-05,BB-IS-01,Primary Clock Source,available,14856,654,7985,0,-59,Good Signal(177)
2022/05/02 15:43:42,LD-IS-01,TT-IS-05,Primary Clock Source,available,7249,203,669,0,-55,Excellent Signal(194)
2022/05/02 15:43:42,TT-IS-05,BB-IS-01,Primary Clock Source,available,14856,654,7985,0,-59,Good Signal(177)
2022/05/02 15:43:48,LD-IS-01,TT-IS-05,Primary Clock Source,available,7314,204,674,0,-55,Excellent Signal(193)
2022/05/02 15:43:48,TT-IS-05,BB-IS-01,Primary Clock Source,available,14989,661,8057,0,-59,Good Signal(174)
2022/05/02 15:43:58,LD-IS-01,TT-IS-05,Primary Clock Source,available,7314,204,674,0,-55,Excellent Signal(193)
2022/05/02 15:43:58,TT-IS-05,BB-IS-01,Primary Clock Source,available,14989,661,8057,0,-59,Good Signal(174)
2022/05/02 15:44:06,LD-IS-01,TT-IS-05,Primary Clock Source,available,7314,204,674,0,-55,Excellent Signal(193)
2022/05/02 15:44:06,TT-IS-05,BB-IS-01,Primary Clock Source,available,14989,661,8057,0,-59,Good Signal(174)
2022/05/02 15:44:20,LD-IS-01,TT-IS-05,Primary Clock Source,available,7314,204,674,0,-55,Excellent Signal(193)
2022/05/02 15:44:20,TT-IS-05,BB-IS-01,Primary Clock Source,available,14989,661,8057,0,-59,Good Signal(174)
2022/05/02 15:44:30,LD-IS-01,TT-IS-05,Primary Clock Source,available,7314,204,674,0,-55,Excellent Signal(193)
2022/05/02 15:44:30,TT-IS-05,BB-IS-01,Primary Clock Source,available,14989,661,8057,0,-59,Good Signal(174)
2022/05/02 15:44:36,LD-IS-01,TT-IS-05,Primary Clock Source,available,7314,204,674,0,-55,Excellent Signal(193)
2022/05/02 15:44:36,TT-IS-05,BB-IS-01,Primary Clock Source,available,14989,661,8057,0,-59,Good Signal(174)
2022/05/02 15:44:47,LD-IS-01,TT-IS-05,Primary Clock Source,available,7380,206,680,0,-56,Excellent Signal(193)
2022/05/02 15:44:47,TT-IS-05,BB-IS-01,Primary Clock Source,available,15124,666,8131,0,-59,Good Signal(177)
2022/05/02 15:45:02,LD-IS-01,TT-IS-05,Primary Clock Source,available,7380,206,680,0,-56,Excellent Signal(193)
2022/05/02 15:45:02,TT-IS-05,BB-IS-01,Primary Clock Source,available,15124,666,8131,0,-59,Good Signal(177)
2022/05/02 15:45:08,LD-IS-01,TT-IS-05,Primary Clock Source,available,7380,206,680,0,-56,Excellent Signal(193)
2022/05/02 15:45:08,TT-IS-05,BB-IS-01,Primary Clock Source,available,15124,666,8131,0,-59,Good Signal(177)
2022/05/02 15:45:18,LD-IS-01,TT-IS-05,Primary Clock Source,available,7380,206,680,0,-56,Excellent Signal(193)
2022/05/02 15:45:18,TT-IS-05,BB-IS-01,Primary Clock Source,available,15124,666,8131,0,-59,Good Signal(177)
2022/05/02 15:45:26,LD-IS-01,TT-IS-05,Primary Clock Source,available,7380,206,680,0,-56,Excellent Signal(193)
2022/05/02 15:45:26,TT-IS-05,BB-IS-01,Primary Clock Source,available,15124,666,8131,0,-59,Good Signal(177)
2022/05/02 15:45:40,LD-IS-01,TT-IS-05,Primary Clock Source,available,7380,206,680,0,-56,Excellent Signal(193)
2022/05/02 15:45:40,TT-IS-05,BB-IS-01,Primary Clock Source,available,15124,666,8131,0,-59,Good Signal(177)
2022/05/02 15:45:50,LD-IS-01,TT-IS-05,Primary Clock Source,available,7447,207,686,0,-56,Excellent Signal(192)
2022/05/02 15:45:50,TT-IS-05,BB-IS-01,Primary Clock Source,available,15258,677,8204,0,-59,Good Signal(178)
2022/05/02 15:45:56,LD-IS-01,TT-IS-05,Primary Clock Source,available,7447,207,686,0,-56,Excellent Signal(192)
2022/05/02 15:45:56,TT-IS-05,BB-IS-01,Primary Clock Source,available,15258,677,8204,0,-59,Good Signal(178)
2022/05/02 15:46:06,LD-IS-01,TT-IS-05,Primary Clock Source,available,7447,207,686,0,-56,Excellent Signal(192)
2022/05/02 15:46:06,TT-IS-05,BB-IS-01,Primary Clock Source,available,15258,677,8204,0,-59,Good Signal(178)
2022/05/02 15:46:22,LD-IS-01,TT-IS-05,Primary Clock Source,available,7447,207,686,0,-56,Excellent Signal(192)
2022/05/02 15:46:22,TT-IS-05,BB-IS-01,Primary Clock Source,available,15258,677,8204,0,-59,Good Signal(178)
2022/05/02 15:46:30,LD-IS-01,TT-IS-05,Primary Clock Source,available,7447,207,686,0,-56,Excellent Signal(192)
2022/05/02 15:46:30,TT-IS-05,BB-IS-01,Primary Clock Source,available,15258,677,8204,0,-59,Good Signal(178)
2022/05/02 15:46:38,LD-IS-01,TT-IS-05,Primary Clock Source,available,7447,207,686,0,-56,Excellent Signal(192)
2022/05/02 15:46:38,TT-IS-05,BB-IS-01,Primary Clock Source,available,15258,677,8204,0,-59,Good Signal(178)
2022/05/02 15:46:46,LD-IS-01,TT-IS-05,Primary Clock Source,available,7513,209,693,0,-55,Excellent Signal(194)
2022/05/02 15:46:46,TT-IS-05,BB-IS-01,Primary Clock Source,available,15393,681,8278,0,-59,Good Signal(177)
2022/05/02 15:47:00,LD-IS-01,TT-IS-05,Primary Clock Source,available,7513,209,693,0,-55,Excellent Signal(194)
2022/05/02 15:47:00,TT-IS-05,BB-IS-01,Primary Clock Source,available,15393,681,8278,0,-59,Good Signal(177)
2022/05/02 15:47:10,LD-IS-01,TT-IS-05,Primary Clock Source,available,7513,209,693,0,-55,Excellent Signal(194)
2022/05/02 15:47:10,TT-IS-05,BB-IS-01,Primary Clock Source,available,15393,681,8278,0,-59,Good Signal(177)
2022/05/02 15:47:16,LD-IS-01,TT-IS-05,Primary Clock Source,available,7513,209,693,0,-55,Excellent Signal(194)
2022/05/02 15:47:16,TT-IS-05,BB-IS-01,Primary Clock Source,available,15393,681,8278,0,-59,Good Signal(177)
2022/05/02 15:47:26,LD-IS-01,TT-IS-05,Primary Clock Source,available,7513,209,693,0,-55,Excellent Signal(194)
2022/05/02 15:47:26,TT-IS-05,BB-IS-01,Primary Clock Source,available,15393,681,8278,0,-59,Good Signal(177)
2022/05/02 15:47:42,LD-IS-01,TT-IS-05,Primary Clock Source,available,7513,209,693,0,-55,Excellent Signal(194)
2022/05/02 15:47:42,TT-IS-05,BB-IS-01,Primary Clock Source,available,15393,681,8278,0,-59,Good Signal(177)
2022/05/02 15:47:48,LD-IS-01,TT-IS-05,Primary Clock Source,available,7576,213,698,0,-55,Excellent Signal(194)
2022/05/02 15:47:48,TT-IS-05,BB-IS-01,Primary Clock Source,available,15527,685,8351,0,-59,Good Signal(179)
2022/05/02 15:47:59,LD-IS-01,TT-IS-05,Primary Clock Source,available,7576,213,698,0,-55,Excellent Signal(194)
2022/05/02 15:47:59,TT-IS-05,BB-IS-01,Primary Clock Source,available,15527,685,8351,0,-59,Good Signal(179)
2022/05/02 15:48:06,LD-IS-01,TT-IS-05,Primary Clock Source,available,7576,213,698,0,-55,Excellent Signal(194)
2022/05/02 15:48:06,TT-IS-05,BB-IS-01,Primary Clock Source,available,15527,685,8351,0,-59,Good Signal(179)
2022/05/02 15:48:20,LD-IS-01,TT-IS-05,Primary Clock Source,available,7576,213,698,0,-55,Excellent Signal(194)
2022/05/02 15:48:20,TT-IS-05,BB-IS-01,Primary Clock Source,available,15527,685,8351,0,-59,Good Signal(179)
2022/05/02 15:48:30,LD-IS-01,TT-IS-05,Primary Clock Source,available,7576,213,698,0,-55,Excellent Signal(194)
2022/05/02 15:48:30,TT-IS-05,BB-IS-01,Primary Clock Source,available,15527,685,8351,0,-59,Good Signal(179)
2022/05/02 15:48:36,LD-IS-01,TT-IS-05,Primary Clock Source,available,7576,213,698,0,-55,Excellent Signal(194)
2022/05/02 15:48:36,TT-IS-05,BB-IS-01,Primary Clock Source,available,15527,685,8351,0,-59,Good Signal(179)
2022/05/02 15:48:46,LD-IS-01,TT-IS-05,Primary Clock Source,available,7642,214,704,0,-55,Excellent Signal(194)
2022/05/02 15:48:46,TT-IS-05,BB-IS-01,Primary Clock Source,available,15660,692,8423,0,-59,Good Signal(175)
2022/05/02 15:49:02,LD-IS-01,TT-IS-05,Primary Clock Source,available,7642,214,704,0,-55,Excellent Signal(194)
2022/05/02 15:49:02,TT-IS-05,BB-IS-01,Primary Clock Source,available,15660,692,8423,0,-59,Good Signal(175)
2022/05/02 15:49:08,LD-IS-01,TT-IS-05,Primary Clock Source,available,7642,214,704,0,-55,Excellent Signal(194)
2022/05/02 15:49:08,TT-IS-05,BB-IS-01,Primary Clock Source,available,15660,692,8423,0,-59,Good Signal(175)
2022/05/02 15:49:18,LD-IS-01,TT-IS-05,Primary Clock Source,available,7642,214,704,0,-55,Excellent Signal(194)
2022/05/02 15:49:18,TT-IS-05,BB-IS-01,Primary Clock Source,available,15660,692,8423,0,-59,Good Signal(175)
2022/05/02 15:49:26,LD-IS-01,TT-IS-05,Primary Clock Source,available,7642,214,704,0,-55,Excellent Signal(194)
2022/05/02 15:49:26,TT-IS-05,BB-IS-01,Primary Clock Source,available,15660,692,8423,0,-59,Good Signal(175)
2022/05/02 15:49:40,LD-IS-01,TT-IS-05,Primary Clock Source,available,7642,214,704,0,-55,Excellent Signal(194)
2022/05/02 15:49:40,TT-IS-05,BB-IS-01,Primary Clock Source,available,15660,692,8423,0,-59,Good Signal(175)
2022/05/02 15:49:56,LD-IS-01,TT-IS-05,Primary Clock Source,available,7708,215,710,0,-55,Excellent Signal(194)
2022/05/02 15:49:56,TT-IS-05,BB-IS-01,Primary Clock Source,available,15795,697,8497,0,-59,Good Signal(178)
2022/05/02 15:50:06,LD-IS-01,TT-IS-05,Primary Clock Source,available,7708,215,710,0,-55,Excellent Signal(194)
2022/05/02 15:50:06,TT-IS-05,BB-IS-01,Primary Clock Source,available,15795,697,8497,0,-59,Good Signal(178)
2022/05/02 15:50:12,LD-IS-01,TT-IS-05,Primary Clock Source,available,7708,215,710,0,-55,Excellent Signal(194)
2022/05/02 15:50:12,TT-IS-05,BB-IS-01,Primary Clock Source,available,15795,697,8497,0,-59,Good Signal(178)
2022/05/02 15:50:22,LD-IS-01,TT-IS-05,Primary Clock Source,available,7708,215,710,0,-55,Excellent Signal(194)
2022/05/02 15:50:22,TT-IS-05,BB-IS-01,Primary Clock Source,available,15795,697,8497,0,-59,Good Signal(178)
2022/05/02 15:50:28,LD-IS-01,TT-IS-05,Primary Clock Source,available,7708,215,710,0,-55,Excellent Signal(194)
2022/05/02 15:50:28,TT-IS-05,BB-IS-01,Primary Clock Source,available,15795,697,8497,0,-59,Good Signal(178)
2022/05/02 15:50:38,LD-IS-01,TT-IS-05,Primary Clock Source,available,7708,215,710,0,-55,Excellent Signal(194)
2022/05/02 15:50:38,TT-IS-05,BB-IS-01,Primary Clock Source,available,15795,697,8497,0,-59,Good Signal(178)
2022/05/02 15:50:54,LD-IS-01,TT-IS-05,Primary Clock Source,available,7773,218,717,0,-55,Excellent Signal(194)
2022/05/02 15:50:54,TT-IS-05,BB-IS-01,Primary Clock Source,available,15929,703,8570,0,-59,Good Signal(175)
2022/05/02 15:51:00,LD-IS-01,TT-IS-05,Primary Clock Source,available,7773,218,717,0,-55,Excellent Signal(194)
2022/05/02 15:51:00,TT-IS-05,BB-IS-01,Primary Clock Source,available,15929,703,8570,0,-59,Good Signal(175)
2022/05/02 15:51:10,LD-IS-01,TT-IS-05,Primary Clock Source,available,7773,218,717,0,-55,Excellent Signal(194)
2022/05/02 15:51:10,TT-IS-05,BB-IS-01,Primary Clock Source,available,15929,703,8570,0,-59,Good Signal(175)
2022/05/02 15:51:16,LD-IS-01,TT-IS-05,Primary Clock Source,available,7773,218,717,0,-55,Excellent Signal(194)
2022/05/02 15:51:16,TT-IS-05,BB-IS-01,Primary Clock Source,available,15929,703,8570,0,-59,Good Signal(175)
2022/05/02 15:51:26,LD-IS-01,TT-IS-05,Primary Clock Source,available,7773,218,717,0,-55,Excellent Signal(194)
2022/05/02 15:51:26,TT-IS-05,BB-IS-01,Primary Clock Source,available,15929,703,8570,0,-59,Good Signal(175)
2022/05/02 15:51:42,LD-IS-01,TT-IS-05,Primary Clock Source,available,7773,218,717,0,-55,Excellent Signal(194)
2022/05/02 15:51:42,TT-IS-05,BB-IS-01,Primary Clock Source,available,15929,703,8570,0,-59,Good Signal(175)
2022/05/02 15:51:48,LD-IS-01,TT-IS-05,Primary Clock Source,available,7839,220,724,0,-55,Excellent Signal(194)
2022/05/02 15:51:48,TT-IS-05,BB-IS-01,Primary Clock Source,available,16066,713,8645,0,-59,Good Signal(177)
2022/05/02 15:51:58,LD-IS-01,TT-IS-05,Primary Clock Source,available,7839,220,724,0,-55,Excellent Signal(194)
2022/05/02 15:51:58,TT-IS-05,BB-IS-01,Primary Clock Source,available,16066,713,8645,0,-59,Good Signal(177)
2022/05/02 15:52:06,LD-IS-01,TT-IS-05,Primary Clock Source,available,7839,220,724,0,-55,Excellent Signal(194)
2022/05/02 15:52:06,TT-IS-05,BB-IS-01,Primary Clock Source,available,16066,713,8645,0,-59,Good Signal(177)
2022/05/02 15:52:20,LD-IS-01,TT-IS-05,Primary Clock Source,available,7839,220,724,0,-55,Excellent Signal(194)
2022/05/02 15:52:20,TT-IS-05,BB-IS-01,Primary Clock Source,available,16066,713,8645,0,-59,Good Signal(177)
2022/05/02 15:52:30,LD-IS-01,TT-IS-05,Primary Clock Source,available,7839,220,724,0,-55,Excellent Signal(194)
2022/05/02 15:52:30,TT-IS-05,BB-IS-01,Primary Clock Source,available,16066,713,8645,0,-59,Good Signal(177)
2022/05/02 15:52:36,LD-IS-01,TT-IS-05,Primary Clock Source,available,7839,220,724,0,-55,Excellent Signal(194)
2022/05/02 15:52:36,TT-IS-05,BB-IS-01,Primary Clock Source,available,16066,713,8645,0,-59,Good Signal(177)
2022/05/02 15:52:46,LD-IS-01,TT-IS-05,Primary Clock Source,available,7905,223,730,0,-56,Excellent Signal(194)
2022/05/02 15:52:46,TT-IS-05,BB-IS-01,Primary Clock Source,available,16199,717,8718,0,-59,Good Signal(174)
2022/05/02 15:53:02,LD-IS-01,TT-IS-05,Primary Clock Source,available,7905,223,730,0,-56,Excellent Signal(194)
2022/05/02 15:53:02,TT-IS-05,BB-IS-01,Primary Clock Source,available,16199,717,8718,0,-59,Good Signal(174)
2022/05/02 15:53:08,LD-IS-01,TT-IS-05,Primary Clock Source,available,7905,223,730,0,-56,Excellent Signal(194)
2022/05/02 15:53:08,TT-IS-05,BB-IS-01,Primary Clock Source,available,16199,717,8718,0,-59,Good Signal(174)
2022/05/02 15:53:19,LD-IS-01,TT-IS-05,Primary Clock Source,available,7905,223,730,0,-56,Excellent Signal(194)
2022/05/02 15:53:19,TT-IS-05,BB-IS-01,Primary Clock Source,available,16199,717,8718,0,-59,Good Signal(174)
2022/05/02 15:53:34,LD-IS-01,TT-IS-05,Primary Clock Source,available,7905,223,730,0,-56,Excellent Signal(194)
2022/05/02 15:53:34,TT-IS-05,BB-IS-01,Primary Clock Source,available,16199,717,8718,0,-59,Good Signal(174)
2022/05/02 15:53:40,LD-IS-01,TT-IS-05,Primary Clock Source,available,7905,223,730,0,-56,Excellent Signal(194)
2022/05/02 15:53:40,TT-IS-05,BB-IS-01,Primary Clock Source,available,16199,717,8718,0,-59,Good Signal(174)
2022/05/02 15:53:50,LD-IS-01,TT-IS-05,Primary Clock Source,available,7972,223,736,0,-56,Excellent Signal(195)
2022/05/02 15:53:50,TT-IS-05,BB-IS-01,Primary Clock Source,available,16333,723,8791,0,-59,Good Signal(176)
2022/05/02 15:53:56,LD-IS-01,TT-IS-05,Primary Clock Source,available,7972,223,736,0,-56,Excellent Signal(195)
2022/05/02 15:53:56,TT-IS-05,BB-IS-01,Primary Clock Source,available,16333,723,8791,0,-59,Good Signal(176)
2022/05/02 15:54:06,LD-IS-01,TT-IS-05,Primary Clock Source,available,7972,223,736,0,-56,Excellent Signal(195)
2022/05/02 15:54:06,TT-IS-05,BB-IS-01,Primary Clock Source,available,16333,723,8791,0,-59,Good Signal(176)
2022/05/02 15:54:22,LD-IS-01,TT-IS-05,Primary Clock Source,available,7972,223,736,0,-56,Excellent Signal(195)
2022/05/02 15:54:22,TT-IS-05,BB-IS-01,Primary Clock Source,available,16333,723,8791,0,-59,Good Signal(176)
2022/05/02 15:54:28,LD-IS-01,TT-IS-05,Primary Clock Source,available,7972,223,736,0,-56,Excellent Signal(195)
2022/05/02 15:54:28,TT-IS-05,BB-IS-01,Primary Clock Source,available,16333,723,8791,0,-59,Good Signal(176)
2022/05/02 15:54:38,LD-IS-01,TT-IS-05,Primary Clock Source,available,7972,223,736,0,-56,Excellent Signal(195)
2022/05/02 15:54:38,TT-IS-05,BB-IS-01,Primary Clock Source,available,16333,723,8791,0,-59,Good Signal(176)
2022/05/02 15:54:46,LD-IS-01,TT-IS-05,Primary Clock Source,available,8038,225,743,0,-55,Excellent Signal(195)
2022/05/02 15:54:46,TT-IS-05,BB-IS-01,Primary Clock Source,available,16468,731,8865,0,-59,Good Signal(175)
2022/05/02 15:55:00,LD-IS-01,TT-IS-05,Primary Clock Source,available,8038,225,743,0,-55,Excellent Signal(195)
2022/05/02 15:55:00,TT-IS-05,BB-IS-01,Primary Clock Source,available,16468,731,8865,0,-59,Good Signal(175)
2022/05/02 15:55:16,LD-IS-01,TT-IS-05,Primary Clock Source,available,8038,225,743,0,-55,Excellent Signal(195)
2022/05/02 15:55:16,TT-IS-05,BB-IS-01,Primary Clock Source,available,16468,731,8865,0,-59,Good Signal(175)
2022/05/02 15:55:26,LD-IS-01,TT-IS-05,Primary Clock Source,available,8038,225,743,0,-55,Excellent Signal(195)
2022/05/02 15:55:26,TT-IS-05,BB-IS-01,Primary Clock Source,available,16468,731,8865,0,-59,Good Signal(175)
2022/05/02 15:55:32,LD-IS-01,TT-IS-05,Primary Clock Source,available,8038,225,743,0,-55,Excellent Signal(195)
2022/05/02 15:55:32,TT-IS-05,BB-IS-01,Primary Clock Source,available,16468,731,8865,0,-59,Good Signal(175)
2022/05/02 15:55:42,LD-IS-01,TT-IS-05,Primary Clock Source,available,8038,225,743,0,-55,Excellent Signal(195)
2022/05/02 15:55:42,TT-IS-05,BB-IS-01,Primary Clock Source,available,16468,731,8865,0,-59,Good Signal(175)
2022/05/02 15:55:48,LD-IS-01,TT-IS-05,Primary Clock Source,available,8103,226,748,0,-55,Excellent Signal(195)
2022/05/02 15:55:48,TT-IS-05,BB-IS-01,Primary Clock Source,available,16600,739,8936,0,-59,Good Signal(177)
2022/05/02 15:55:58,LD-IS-01,TT-IS-05,Primary Clock Source,available,8103,226,748,0,-55,Excellent Signal(195)
2022/05/02 15:55:58,TT-IS-05,BB-IS-01,Primary Clock Source,available,16600,739,8936,0,-59,Good Signal(177)
2022/05/02 15:56:06,LD-IS-01,TT-IS-05,Primary Clock Source,available,8103,226,748,0,-55,Excellent Signal(195)
2022/05/02 15:56:06,TT-IS-05,BB-IS-01,Primary Clock Source,available,16600,739,8936,0,-59,Good Signal(177)
2022/05/02 15:56:20,LD-IS-01,TT-IS-05,Primary Clock Source,available,8103,226,748,0,-55,Excellent Signal(195)
2022/05/02 15:56:20,TT-IS-05,BB-IS-01,Primary Clock Source,available,16600,739,8936,0,-59,Good Signal(177)
2022/05/02 15:56:30,LD-IS-01,TT-IS-05,Primary Clock Source,available,8103,226,748,0,-55,Excellent Signal(195)
2022/05/02 15:56:30,TT-IS-05,BB-IS-01,Primary Clock Source,available,16600,739,8936,0,-59,Good Signal(177)
2022/05/02 15:56:36,LD-IS-01,TT-IS-05,Primary Clock Source,available,8103,226,748,0,-55,Excellent Signal(195)
2022/05/02 15:56:36,TT-IS-05,BB-IS-01,Primary Clock Source,available,16600,739,8936,0,-59,Good Signal(177)
2022/05/02 15:56:46,LD-IS-01,TT-IS-05,Primary Clock Source,available,8170,227,754,0,-56,Excellent Signal(193)
2022/05/02 15:56:46,TT-IS-05,BB-IS-01,Primary Clock Source,available,16735,746,9010,0,-59,Good Signal(177)
2022/05/02 15:57:02,LD-IS-01,TT-IS-05,Primary Clock Source,available,8170,227,754,0,-56,Excellent Signal(193)
2022/05/02 15:57:02,TT-IS-05,BB-IS-01,Primary Clock Source,available,16735,746,9010,0,-59,Good Signal(177)
2022/05/02 15:57:08,LD-IS-01,TT-IS-05,Primary Clock Source,available,8170,227,754,0,-56,Excellent Signal(193)
2022/05/02 15:57:08,TT-IS-05,BB-IS-01,Primary Clock Source,available,16735,746,9010,0,-59,Good Signal(177)
2022/05/02 15:57:18,LD-IS-01,TT-IS-05,Primary Clock Source,available,8170,227,754,0,-56,Excellent Signal(193)
2022/05/02 15:57:18,TT-IS-05,BB-IS-01,Primary Clock Source,available,16735,746,9010,0,-59,Good Signal(177)
2022/05/02 15:57:26,LD-IS-01,TT-IS-05,Primary Clock Source,available,8170,227,754,0,-56,Excellent Signal(193)
2022/05/02 15:57:26,TT-IS-05,BB-IS-01,Primary Clock Source,available,16735,746,9010,0,-59,Good Signal(177)
2022/05/02 15:57:40,LD-IS-01,TT-IS-05,Primary Clock Source,available,8170,227,754,0,-56,Excellent Signal(193)
2022/05/02 15:57:40,TT-IS-05,BB-IS-01,Primary Clock Source,available,16735,746,9010,0,-59,Good Signal(177)
2022/05/02 15:57:50,LD-IS-01,TT-IS-05,Primary Clock Source,available,8237,228,760,0,-56,Excellent Signal(193)
2022/05/02 15:57:50,TT-IS-05,BB-IS-01,Primary Clock Source,available,16869,749,9083,0,-59,Good Signal(176)
2022/05/02 15:57:56,LD-IS-01,TT-IS-05,Primary Clock Source,available,8237,228,760,0,-56,Excellent Signal(193)
2022/05/02 15:57:56,TT-IS-05,BB-IS-01,Primary Clock Source,available,16869,749,9083,0,-59,Good Signal(176)
2022/05/02 15:58:06,LD-IS-01,TT-IS-05,Primary Clock Source,available,8237,228,760,0,-56,Excellent Signal(193)
2022/05/02 15:58:06,TT-IS-05,BB-IS-01,Primary Clock Source,available,16869,749,9083,0,-59,Good Signal(176)
2022/05/02 15:58:22,LD-IS-01,TT-IS-05,Primary Clock Source,available,8237,228,760,0,-56,Excellent Signal(193)
2022/05/02 15:58:22,TT-IS-05,BB-IS-01,Primary Clock Source,available,16869,749,9083,0,-59,Good Signal(176)
2022/05/02 15:58:28,LD-IS-01,TT-IS-05,Primary Clock Source,available,8237,228,760,0,-56,Excellent Signal(193)
2022/05/02 15:58:28,TT-IS-05,BB-IS-01,Primary Clock Source,available,16869,749,9083,0,-59,Good Signal(176)
2022/05/02 15:58:38,LD-IS-01,TT-IS-05,Primary Clock Source,available,8237,228,760,0,-56,Excellent Signal(193)
2022/05/02 15:58:38,TT-IS-05,BB-IS-01,Primary Clock Source,available,16869,749,9083,0,-59,Good Signal(176)
2022/05/02 15:58:46,LD-IS-01,TT-IS-05,Primary Clock Source,available,8301,233,767,0,-56,Excellent Signal(192)
2022/05/02 15:58:46,TT-IS-05,BB-IS-01,Primary Clock Source,available,17004,757,9157,0,-59,Good Signal(176)
2022/05/02 15:59:00,LD-IS-01,TT-IS-05,Primary Clock Source,available,8301,233,767,0,-56,Excellent Signal(192)
2022/05/02 15:59:00,TT-IS-05,BB-IS-01,Primary Clock Source,available,17004,757,9157,0,-59,Good Signal(176)
2022/05/02 15:59:10,LD-IS-01,TT-IS-05,Primary Clock Source,available,8301,233,767,0,-56,Excellent Signal(192)
2022/05/02 15:59:10,TT-IS-05,BB-IS-01,Primary Clock Source,available,17004,757,9157,0,-59,Good Signal(176)
2022/05/02 15:59:16,LD-IS-01,TT-IS-05,Primary Clock Source,available,8301,233,767,0,-56,Excellent Signal(192)
2022/05/02 15:59:16,TT-IS-05,BB-IS-01,Primary Clock Source,available,17004,757,9157,0,-59,Good Signal(176)
2022/05/02 15:59:26,LD-IS-01,TT-IS-05,Primary Clock Source,available,8301,233,767,0,-56,Excellent Signal(192)
2022/05/02 15:59:26,TT-IS-05,BB-IS-01,Primary Clock Source,available,17004,757,9157,0,-59,Good Signal(176)
2022/05/02 15:59:42,LD-IS-01,TT-IS-05,Primary Clock Source,available,8301,233,767,0,-56,Excellent Signal(192)
2022/05/02 15:59:42,TT-IS-05,BB-IS-01,Primary Clock Source,available,17004,757,9157,0,-59,Good Signal(176)
2022/05/02 15:59:48,LD-IS-01,TT-IS-05,Primary Clock Source,available,8366,234,772,0,-55,Excellent Signal(194)
2022/05/02 15:59:48,TT-IS-05,BB-IS-01,Primary Clock Source,available,17137,763,9229,0,-59,Good Signal(174)
2022/05/02 15:59:58,LD-IS-01,TT-IS-05,Primary Clock Source,available,8366,234,772,0,-55,Excellent Signal(194)
2022/05/02 15:59:58,TT-IS-05,BB-IS-01,Primary Clock Source,available,17137,763,9229,0,-59,Good Signal(174)
2022/05/02 16:00:06,LD-IS-01,TT-IS-05,Primary Clock Source,available,8366,234,772,0,-55,Excellent Signal(194)
2022/05/02 16:00:06,TT-IS-05,BB-IS-01,Primary Clock Source,available,17137,763,9229,0,-59,Good Signal(174)
2022/05/02 16:00:20,LD-IS-01,TT-IS-05,Primary Clock Source,available,8366,234,772,0,-55,Excellent Signal(194)
2022/05/02 16:00:20,TT-IS-05,BB-IS-01,Primary Clock Source,available,17137,763,9229,0,-59,Good Signal(174)
2022/05/02 16:00:30,LD-IS-01,TT-IS-05,Primary Clock Source,available,8366,234,772,0,-55,Excellent Signal(194)
2022/05/02 16:00:30,TT-IS-05,BB-IS-01,Primary Clock Source,available,17137,763,9229,0,-59,Good Signal(174)
2022/05/02 16:00:36,LD-IS-01,TT-IS-05,Primary Clock Source,available,8366,234,772,0,-55,Excellent Signal(194)
2022/05/02 16:00:36,TT-IS-05,BB-IS-01,Primary Clock Source,available,17137,763,9229,0,-59,Good Signal(174)
2022/05/02 16:00:46,LD-IS-01,TT-IS-05,Primary Clock Source,available,8432,235,778,0,-55,Excellent Signal(194)
2022/05/02 16:00:46,TT-IS-05,BB-IS-01,Primary Clock Source,available,17271,765,9302,0,-58,Good Signal(178)
2022/05/02 16:01:02,LD-IS-01,TT-IS-05,Primary Clock Source,available,8432,235,778,0,-55,Excellent Signal(194)
2022/05/02 16:01:02,TT-IS-05,BB-IS-01,Primary Clock Source,available,17271,765,9302,0,-58,Good Signal(178)
2022/05/02 16:01:08,LD-IS-01,TT-IS-05,Primary Clock Source,available,8432,235,778,0,-55,Excellent Signal(194)
2022/05/02 16:01:08,TT-IS-05,BB-IS-01,Primary Clock Source,available,17271,765,9302,0,-58,Good Signal(178)
2022/05/02 16:01:24,LD-IS-01,TT-IS-05,Primary Clock Source,available,8432,235,778,0,-55,Excellent Signal(194)
2022/05/02 16:01:24,TT-IS-05,BB-IS-01,Primary Clock Source,available,17271,765,9302,0,-58,Good Signal(178)
2022/05/02 16:01:34,LD-IS-01,TT-IS-05,Primary Clock Source,available,8432,235,778,0,-55,Excellent Signal(194)
2022/05/02 16:01:34,TT-IS-05,BB-IS-01,Primary Clock Source,available,17271,765,9302,0,-58,Good Signal(178)
2022/05/02 16:01:40,LD-IS-01,TT-IS-05,Primary Clock Source,available,8432,235,778,0,-55,Excellent Signal(194)
2022/05/02 16:01:40,TT-IS-05,BB-IS-01,Primary Clock Source,available,17271,765,9302,0,-58,Good Signal(178)
2022/05/02 16:01:50,LD-IS-01,TT-IS-05,Primary Clock Source,available,8496,240,784,0,-55,Excellent Signal(195)
2022/05/02 16:01:50,TT-IS-05,BB-IS-01,Primary Clock Source,available,17406,770,9376,0,-59,Good Signal(176)
2022/05/02 16:01:56,LD-IS-01,TT-IS-05,Primary Clock Source,available,8496,240,784,0,-55,Excellent Signal(195)
2022/05/02 16:01:56,TT-IS-05,BB-IS-01,Primary Clock Source,available,17406,770,9376,0,-59,Good Signal(176)
2022/05/02 16:02:06,LD-IS-01,TT-IS-05,Primary Clock Source,available,8496,240,784,0,-55,Excellent Signal(195)
2022/05/02 16:02:06,TT-IS-05,BB-IS-01,Primary Clock Source,available,17406,770,9376,0,-59,Good Signal(176)
